전용면적(㎡),층,건축년도,아파트연식,법정동_인코딩,아파트_인코딩,전세환산가(만원),log_보증금
89.26,9,1997,27,0,9,57946.0,8.395477432732141
84.66,14,1996,28,4,0,53293.0,7.434847875211999
118.74,45,1985,39,0,6,139172.0,11.843473042551471
56.03,24,2000,24,0,10,149980.0,11.918263898388826
125.64,25,2014,10,3,1,24963.0,8.477204183199873
79.73,39,1982,42,2,10,143124.0,11.871473653290641
104.85,6,2024,0,2,5,24366.0,7.624130585661289
92.77,11,1991,33,2,10,101504.0,11.527863337334436
76.63,22,1993,31,4,11,91769.0,11.42704072581306
110.09,34,1985,39,2,1,113448.0,11.639108675713432
111.15,20,2007,17,4,7,30458.0,10.324136795969332
94.43,12,1994,30,4,1,18053.0,8.487558386286548
136.27,35,2002,22,1,1,76691.0,11.247552679438282
66.95,44,2003,21,2,9,34583.0,8.19533366716287
138.78,5,2002,22,1,1,33467.0,7.176254532017144
55.98,26,1997,27,0,11,116612.0,11.66661603896503
98.76,19,1985,39,3,10,105772.0,11.569050567349949
94.5,19,2017,7,1,10,65110.0,11.083848784736833
104.05,24,2023,1,3,10,35406.0,10.474664819686861
72.57,29,1982,42,3,2,107493.0,11.58519031103871
107.02,14,2011,13,0,10,56494.0,8.277666160851503
132.38,13,2024,0,2,1,35772.0,10.484948697900347
119.67,22,2020,4,1,4,125699.0,11.74165339457834
121.42,7,2007,17,2,5,81306.0,11.305987392690444
122.92,23,1989,35,4,5,101402.0,11.526857955500386
126.45,5,1990,34,4,7,147839.0,11.90388588687551
88.67,3,1999,25,1,1,35397.0,10.4744106003507
62.67,35,2011,13,2,0,103208.0,11.544511337529414
128.4,24,2017,7,2,8,65649.0,11.092092879730941
90.71,21,1981,43,1,3,16053.0,7.254177846456518
124.79,2,1985,39,4,7,50100.0,8.412054873292933
54.24,36,1987,37,0,8,53297.0,10.883654085997756
106.22,33,1983,41,0,2,149008.0,11.911761985787992
98.56,12,1993,31,2,6,93416.0,11.444828620502571
69.9,30,2017,7,1,3,41455.0,8.100464891029363
67.55,31,1995,29,1,2,35937.0,8.17131687471973
109.06,42,1980,44,1,7,17601.0,8.274357006756292
137.76,8,2012,12,0,2,122690.0,11.717424278375535
130.36,38,1999,25,3,0,23712.0,8.360071435644025
85.77,3,2002,22,1,9,90590.0,11.414110149348405
95.01,3,2007,17,2,3,36986.0,8.054204897064407
127.21,28,1981,43,3,2,46928.0,10.75639110022988
66.02,18,1988,36,4,0,99871.0,11.511644645070506
137.06,2,1997,27,0,6,61632.0,11.028952720363655
77.75,11,2012,12,0,3,90303.0,11.410937035212486
142.43,30,2022,2,1,8,28676.0,7.493873886783559
120.91,23,1985,39,2,5,76079.0,11.239540697219272
95.87,1,1987,37,3,4,105809.0,11.569400311898207
94.59,33,1981,43,3,10,22485.0,8.233768709217097
132.86,25,2015,9,1,9,73071.0,11.19920053542478
86.08,32,2010,14,4,0,52126.0,10.861438327669577
81.93,42,2011,13,3,10,78635.0,11.272584888827497
124.55,35,1998,26,3,4,95811.0,11.470143217074787
125.1,42,1989,35,4,5,58471.0,7.3727463664043285
64.34,33,1996,28,2,0,38034.0,8.500047032581268
136.67,5,2005,19,1,6,78723.0,11.273703343443328
102.51,40,1981,43,4,7,82565.0,11.321353252493337
72.96,24,2011,13,4,2,107690.0,11.587021294193082
75.59,21,2007,17,0,0,54038.0,10.897461287091668
60.04,11,1990,34,1,7,146280.0,11.89328470844449
80.56,9,2018,6,4,4,134109.0,11.806415637704985
81.46,27,2016,8,3,2,90642.0,11.414683993124154
142.0,31,2005,19,2,10,125260.0,11.738154839442076
126.9,28,2019,5,1,8,101894.0,11.531698150293511
143.86,29,1992,32,2,2,62599.0,8.242756345714477
140.43,40,2002,22,2,4,74790.0,8.229777750081887
70.9,3,1982,42,0,8,118578.0,11.683334684100483
113.73,41,1987,37,1,0,76093.0,11.239724697114648
108.33,17,1981,43,1,7,126527.0,11.748218906530289
51.83,44,2002,22,1,9,89302.0,11.399790360925163
114.74,12,2016,8,1,11,54862.0,8.40357646462927
127.47,32,2012,12,0,0,62866.0,11.048776662726263
67.24,16,2024,0,0,7,110843.0,11.61587908638061
127.78,33,1992,32,1,2,28606.0,7.584264818389059
109.71,34,2010,14,3,2,38184.0,10.550198047322484
71.74,22,1984,40,3,4,49734.0,10.814464189586515
129.2,17,2010,14,3,7,63683.0,8.493719835230594
62.35,22,2018,6,3,2,59045.0,7.27655640271871
61.94,23,2004,20,0,3,49323.0,8.007700012884026
130.52,38,1997,27,4,4,38719.0,8.333270353255308
124.7,36,2002,22,1,8,54673.0,10.909143555482874
95.97,24,2007,17,4,9,97421.0,11.48680733681517
86.01,44,2016,8,3,0,90527.0,11.413414474101295
96.48,23,1990,34,3,11,33483.0,8.155936337972394
76.67,44,1984,40,3,4,143320.0,11.872842148787795
57.37,27,2017,7,1,0,52250.0,7.645397699428633
85.95,40,1983,41,2,0,49165.0,10.80295760667994
58.58,43,2016,8,4,10,33229.0,7.489970898834801
133.98,32,1994,30,2,7,31899.0,10.370361288772935
58.9,38,1981,43,0,6,53313.0,10.883954239828848
66.17,42,2014,10,3,5,102439.0,11.537032540313461
103.21,9,1993,31,4,5,83770.0,11.335842164524378
95.13,42,2002,22,4,3,84448.0,11.343903080839608
119.27,34,2023,1,1,1,67997.0,11.127233571961003
149.56,34,2016,8,0,3,149649.0,11.916054513280844
60.5,20,1983,41,4,9,135597.0,11.817449905117124
121.98,11,2006,18,3,10,146748.0,11.896478923357074
89.84,7,2006,18,4,1,124784.0,11.734347535386098
85.24,5,1989,35,4,6,74603.0,11.219949404057338
128.56,44,2016,8,4,4,22385.0,8.490027523343468
137.39,32,2006,18,2,2,72482.0,7.784473235736469
87.65,22,2020,4,3,11,48965.0,10.798881458697299
146.34,42,2017,7,4,5,40316.0,8.187855443695623
101.98,20,1991,33,4,6,113739.0,11.641670420860791
89.42,45,2009,15,3,1,122880.0,11.718971686369219
120.72,4,1991,33,4,8,27765.0,7.520776415062797
140.4,38,2004,20,1,8,28470.0,8.350193650720067
98.69,13,1997,27,3,5,21421.0,8.269244521183056
79.4,14,1990,34,1,4,101554.0,11.528355802625587
84.69,7,1985,39,2,4,48505.0,8.32020459757888
145.02,39,2009,15,1,2,45554.0,10.726675666147958
122.79,1,2005,19,1,0,70214.0,11.159317242402281
139.22,42,2019,5,4,1,79703.0,11.286075051724692
74.03,35,1981,43,4,4,108956.0,11.598708587964651
146.39,8,1982,42,1,10,43320.0,7.621195162809845
60.0,10,1981,43,4,9,147529.0,11.901786823911612
92.5,45,1990,34,0,3,56224.0,10.937116776827516
87.14,14,2013,11,2,8,50277.0,10.825322884665633
59.15,14,1982,42,2,8,138257.0,11.836876783894846
97.93,37,1995,29,1,11,113151.0,11.63648732655726
84.56,11,2009,15,0,0,70029.0,11.156679000649563
92.38,39,2004,20,1,0,51716.0,10.853541826563088
63.89,30,2014,10,3,1,37149.0,10.522719050145906
66.45,43,2003,21,2,9,43375.0,10.677661571738447
143.94,18,2018,6,1,8,42294.0,8.203851372183879
129.27,42,2011,13,3,6,57034.0,7.016609683894219
51.64,9,2008,16,0,4,28891.0,8.276903481267057
93.33,10,2009,15,2,2,60060.0,11.003115991415362
74.88,35,1980,44,3,11,72179.0,11.18691827819678
128.69,6,2000,24,2,8,69145.0,11.143975490155883
80.07,10,2011,13,2,10,44321.0,8.509564164251746
88.21,14,1983,41,2,0,34170.0,10.439132610118632
137.14,22,2024,0,2,11,94299.0,11.454236468621549
64.42,16,2004,20,4,9,65120.0,8.14351740579748
118.14,28,1991,33,4,3,73869.0,8.414052432496725
64.91,1,2004,20,3,0,137373.0,11.830462412334569
70.84,10,1985,39,4,2,126042.0,11.744378397555577
145.63,26,2005,19,3,8,88030.0,11.385444304154147
94.51,33,1998,26,1,5,95997.0,11.472082636899623
118.73,18,2018,6,3,1,123065.0,11.720476075809959
56.51,21,1991,33,1,1,16878.0,7.153833801578843
69.17,30,2017,7,4,10,71082.0,7.697575346802343
146.79,11,1988,36,3,8,135431.0,11.816224948317085
59.62,5,2017,7,3,9,110610.0,11.613774820629322
83.21,31,2006,18,3,4,32834.0,7.240649694255466
115.91,24,2011,13,3,9,133902.0,11.804870936207967
91.99,24,1995,29,3,6,24880.0,7.640603826393634
87.07,43,1985,39,3,4,40288.0,10.603833757822766
91.06,13,1998,26,2,9,118860.0,11.685710022144557
117.61,33,1996,28,0,9,113091.0,11.635956925738617
58.89,9,2019,5,1,1,73206.0,11.201046323792598
82.47,32,2005,19,0,1,51540.0,10.85013288642403
143.64,2,2015,9,0,7,143082.0,11.871180160444169
53.54,14,2001,23,0,2,35145.0,10.467266092754791
92.89,19,2007,17,4,9,112340.0,11.629294167595674
54.17,27,2013,11,3,6,135299.0,11.815249814158879
129.92,1,2018,6,3,7,146091.0,11.891991839223827
137.84,33,1990,34,3,8,46615.0,10.74969910882291
90.98,40,1996,28,0,3,99816.0,11.511093788474591
118.82,43,2020,4,2,2,137775.0,11.833384456935946
122.42,31,1988,36,2,9,24081.0,8.07153089355666
135.15,30,1988,36,3,8,58083.0,10.969645517650628
141.06,30,1986,38,2,5,149183.0,11.91293572239543
142.41,19,2003,21,4,1,141872.0,11.862687570202143
70.97,44,1983,41,2,7,73202.0,11.200991682716156
75.04,17,2005,19,0,6,67238.0,11.11600871531202
51.2,44,1983,41,0,3,66885.0,11.11074495665328
111.46,9,1983,41,4,0,37586.0,10.534413524913662
123.92,33,2013,11,1,9,51383.0,10.847082118937628
58.81,40,2015,9,3,0,142451.0,11.866760379841534
131.33,22,2004,20,2,2,149489.0,11.914984779943559
52.55,13,1985,39,2,3,136090.0,11.821079058605843
73.99,29,2017,7,1,9,55548.0,7.1770187659099
110.51,2,1988,36,1,6,29847.0,8.145549631783584
93.35,21,2020,4,2,2,61544.0,11.027523893544396
136.88,15,2012,12,3,3,56768.0,10.94674568107216
63.41,5,1985,39,1,8,74508.0,8.21851757748959
87.22,2,2000,24,3,5,67294.0,8.49596955496461
144.92,32,2002,22,1,7,45278.0,10.720598627827538
107.09,2,2024,0,4,4,57171.0,8.48714627006394
114.67,37,1993,31,2,3,45250.0,8.086717920303906
91.18,44,1986,38,4,1,41991.0,10.645234402932136
133.95,31,1996,28,2,10,96304.0,11.475275517518323
147.97,35,2003,21,4,8,26293.0,8.287528423111763
93.46,2,1990,34,0,4,83485.0,11.332434232110996
96.1,15,2002,22,0,1,75673.0,11.234189919398908
95.52,38,2012,12,2,8,94715.0,11.458638219496402
113.93,36,2006,18,2,4,114470.0,11.648076794787704
126.9,33,2002,22,3,6,53788.0,10.89282426427834
88.94,45,2002,22,0,9,31632.0,10.361956158466594
83.37,33,2023,1,3,6,63706.0,7.726212650507529
139.93,17,2002,22,1,9,37910.0,10.54299658642679
137.85,16,1987,37,1,2,57017.0,8.504715669905124
60.97,22,1995,29,4,7,49815.0,10.816091496552287
146.49,11,1995,29,4,8,105579.0,11.567224238377607
81.89,2,2016,8,1,1,48475.0,10.788824109088377
99.11,33,1996,28,3,2,43775.0,8.215006432761575
92.88,31,2001,23,4,0,69839.0,11.153962190513484
147.82,42,2014,10,2,8,94286.0,11.454098601217957
98.01,19,2019,5,0,8,28700.0,8.227108234348146
93.41,39,2015,9,0,5,121866.0,11.710685565120041
110.73,34,2004,20,2,11,57183.0,10.954029417959154
122.08,5,2014,10,0,4,36568.0,10.506956165951394
117.48,16,2003,21,3,9,43275.0,10.675353487807463
121.51,28,2016,8,1,0,77026.0,11.251911288723354
119.07,42,1996,28,3,11,110151.0,11.609616509124209
75.51,18,1988,36,1,5,44300.0,7.507141079727608
121.01,20,1981,43,4,3,23172.0,8.287276755814599
120.84,37,1986,38,4,5,31025.0,8.329899292995725
110.69,37,2000,24,1,6,98187.0,11.494639287282912
58.54,18,1992,32,1,3,54561.0,10.907092948736992
74.6,12,1999,25,0,10,19690.0,7.280008252884188
119.7,12,1998,26,4,5,139901.0,11.848697456477048
127.64,2,2003,21,1,5,134977.0,11.812867081177696
96.6,19,2014,10,3,3,33692.0,10.425045379631145
55.85,31,2007,17,0,8,90161.0,11.40936333125378
72.18,19,2017,7,0,3,66938.0,11.111537035902613
57.87,17,2020,4,1,7,95611.0,11.468053614174691
80.99,7,1991,33,3,0,49934.0,10.818477438677235
113.32,3,2020,4,1,2,29456.0,8.236685322712457
114.99,1,2000,24,0,5,17837.0,7.471932078245122
132.06,8,2011,13,1,10,43765.0,10.686612539214305
98.43,28,1991,33,3,2,90425.0,11.41228711564773
86.16,21,1995,29,3,6,128091.0,11.760504034724676
78.24,20,2024,0,0,2,149954.0,11.91809052806939
143.28,15,2023,1,2,6,67643.0,11.122013937869575
83.17,11,1984,40,1,7,56109.0,8.240121298076472
133.2,15,1997,27,3,9,115585.0,11.657770120619901
84.73,45,2021,3,4,8,24502.0,8.052933036797567
132.26,3,1988,36,0,7,119701.0,11.692760599844242
148.46,6,2014,10,3,4,47031.0,7.266827347520591
133.97,3,2004,20,1,0,48209.0,10.783321747399668
100.39,2,1985,39,0,2,31199.0,10.348173373797573
75.03,15,1989,35,2,9,110090.0,11.60906257550035
97.51,27,1993,31,1,7,50004.0,10.819878279410617
68.92,32,1992,32,1,9,45999.0,7.02108396428914
109.26,12,1994,30,3,11,70849.0,11.168320245118826
121.35,5,2012,12,4,6,99201.0,11.50491345436005
92.14,1,1992,32,3,4,34617.0,7.900266036767701
99.32,38,2023,1,2,11,133669.0,11.803129354965519
95.97,14,1983,41,1,11,122777.0,11.718133125550883
99.31,11,2010,14,0,2,130994.0,11.782914433515943
67.66,34,2004,20,0,3,43788.0,7.1770187659099
122.86,17,1982,42,1,5,56116.0,7.950502434808851
147.25,19,1989,35,3,11,60145.0,11.004530218775948
54.36,42,2004,20,3,7,71658.0,11.179674035975085
71.81,40,1995,29,2,10,99037.0,11.503258893853458
117.59,1,2017,7,2,1,36655.0,10.509332404693277
88.19,23,2012,12,0,8,45175.0,8.487970332739334
96.1,42,1990,34,3,6,35261.0,10.470561175840706
149.79,29,1998,26,3,0,72622.0,11.193036955048681
110.7,8,1999,25,2,2,89902.0,11.4064865903145
100.82,36,2016,8,2,9,116521.0,11.665835375361354
80.36,10,1990,34,0,6,124815.0,11.734595931828094
80.93,43,1998,26,2,7,44999.0,7.832014180505469
57.99,30,2022,2,0,6,41552.0,10.634724999843208
77.83,17,1999,25,3,11,42809.0,7.912056888179006
81.39,44,2006,18,3,11,104529.0,11.557229390526754
86.3,28,2003,21,1,5,148116.0,11.905757780974206
95.22,13,2020,4,2,4,41309.0,10.62885988039081
145.28,29,2000,24,1,5,78185.0,11.26684588237296
120.89,2,2014,10,4,8,117305.0,11.672541184228544
52.65,25,1987,37,0,3,38191.0,10.550381348578611
52.22,16,2018,6,0,8,56583.0,10.943481538715826
135.33,11,1983,41,4,3,46486.0,8.51057131510735
116.38,4,2023,1,3,11,58412.0,10.97529374678373
105.29,8,1995,29,0,7,76225.0,11.24145789082583
105.47,42,1997,27,2,1,41451.0,7.0317412587631285
123.22,41,1996,28,4,11,31523.0,10.35850443947354
120.62,24,1984,40,0,11,142277.0,11.865538169174165
134.26,36,1994,30,1,4,24970.0,8.049107721326406
102.55,34,1994,30,4,4,140192.0,11.850775323662825
113.95,1,1987,37,1,8,36554.0,7.711996507047669
63.52,2,2013,11,3,1,50158.0,8.3707791729607
53.18,1,1981,43,1,11,99892.0,11.511854892111552
86.41,22,2013,11,4,8,54539.0,10.90668965639958
133.81,7,1992,32,1,10,83161.0,11.328545791706802
85.14,44,2003,21,1,10,26086.0,8.097730573664219
107.12,7,2005,19,1,1,51351.0,7.875499292445208
65.21,5,2021,3,3,0,70229.0,11.159530849153066
53.11,43,1982,42,3,1,83912.0,11.337535826817069
131.53,33,1980,44,0,0,70392.0,7.149131598557407
146.72,18,1981,43,0,3,70920.0,11.169321860483546
99.95,24,2014,10,3,7,149352.0,11.91406791048637
61.01,9,2020,4,1,5,145910.0,11.890752125774435
110.96,2,2007,17,3,1,60946.0,11.017759913025358
138.35,31,2008,16,4,9,74333.0,8.297543529356284
141.68,32,1994,30,4,7,51792.0,10.855010283980864
121.29,28,2021,3,3,5,49121.0,8.407824654360873
118.62,18,2013,11,3,7,72605.0,7.734558844354756
94.01,6,1988,36,2,10,130771.0,11.781210627811278
72.97,14,1999,25,2,2,25898.0,7.774435510302958
119.83,18,1994,30,4,9,97590.0,11.48854055503454
120.68,2,2010,14,4,5,93257.0,11.443125124710953
96.58,45,2020,4,2,4,55284.0,10.920256902976503
76.15,29,2023,1,3,9,112607.0,11.631668040121312
99.37,38,1981,43,3,7,62876.0,7.781973234434385
106.07,16,1985,39,1,7,34183.0,10.439512977323862
94.06,9,1999,25,1,4,114074.0,11.644611405795603
98.75,15,2020,4,4,5,83985.0,11.338405397268351
89.42,37,2000,24,0,8,64015.0,11.066888331097017
92.75,13,2000,24,1,5,127114.0,11.752847467523257
125.5,6,2014,10,4,5,139446.0,11.845439879737098
68.67,34,1989,35,3,4,28297.0,8.11312710422178
105.4,42,2016,8,2,9,79214.0,11.279920953809143
78.55,39,2020,4,4,3,34253.0,8.024207485778577
83.3,10,2013,11,1,9,84792.0,11.347968271202978
134.57,28,1980,44,3,3,59544.0,10.994487608202096
52.58,20,1983,41,3,6,49649.0,10.812753669473318
77.63,45,1984,40,4,7,111487.0,11.62167224077212
83.59,43,1981,43,1,5,47405.0,10.766504081950789
66.52,17,2024,0,2,5,74537.0,11.219064341441731
109.79,5,2019,5,2,10,74370.0,8.18060094759445
66.41,28,1997,27,3,7,54255.0,10.90146886436542
118.25,19,2019,5,2,0,48484.0,7.68017564043659
108.61,15,1988,36,1,5,71931.0,7.754481547470383
81.02,14,2013,11,0,8,36557.0,10.506655319476549
124.61,14,2013,11,0,9,21350.0,8.474494436883122
96.29,35,1984,40,4,5,16286.0,7.6624678152002375
132.04,36,2007,17,1,8,37926.0,10.543418538488748
137.78,40,2005,19,2,5,92334.0,11.433178546879972
91.92,13,2020,4,0,0,15933.0,7.607878073278507
146.31,5,1995,29,0,8,142334.0,11.865938713075968
108.14,18,2014,10,3,5,137892.0,11.834233301071668
54.47,12,2024,0,3,6,140276.0,11.851374318225606
112.59,6,1996,28,1,10,132162.0,11.79179128825504
149.13,18,1999,25,0,8,58410.0,10.975259507243907
144.81,25,2010,14,3,6,128889.0,11.766714606398825
149.43,3,2000,24,1,3,35663.0,10.48189705562565
117.82,24,1983,41,1,7,95791.0,11.469934453165134
72.43,36,2005,19,1,5,132376.0,11.793409191382587
130.53,12,2009,15,2,5,130368.0,11.77812417015107
116.0,27,1991,33,1,7,57218.0,10.954641290044536
146.05,20,1999,25,2,7,58356.0,10.97433459624347
56.99,18,1989,35,2,5,70172.0,11.15871890064582
123.6,15,1986,38,2,8,53592.0,10.889173741515435
62.74,19,1982,42,1,0,125745.0,11.742019278310934
104.51,18,2009,15,3,2,73128.0,11.19998028389282
128.2,26,1980,44,3,11,134501.0,11.80933434780195
125.05,9,2001,23,0,1,30846.0,8.085486772102845
110.13,26,2023,1,0,9,146418.0,11.894227653509233
111.49,18,1985,39,0,4,102892.0,11.541444892297301
127.83,5,1980,44,3,6,139982.0,11.849276265646967
72.46,7,2001,23,1,5,135478.0,11.816571925741195
79.09,2,1993,31,1,4,131173.0,11.784279965122005
144.51,20,1989,35,0,6,49490.0,8.382747094863314
94.34,39,1996,28,1,8,50691.0,8.326516830239528
68.55,20,1996,28,0,10,133154.0,11.79926914217053
115.7,28,1995,29,1,11,111503.0,11.621815743678301
79.61,9,2009,15,2,3,23434.0,8.292798858200374
113.86,40,2014,10,1,4,98545.0,11.49827872322339
133.09,45,1992,32,2,10,36940.0,8.472405008626103
130.6,36,2003,21,4,11,112987.0,11.635036897365158
112.59,40,1994,30,3,7,22590.0,7.796057974316123
126.13,40,2007,17,1,8,64675.0,11.077145468859705
90.44,36,1982,42,4,3,47086.0,10.759752233414586
87.96,35,2020,4,1,7,95661.0,11.468576424396037
93.77,5,2005,19,3,10,31179.0,10.347532142611767
131.26,38,2011,13,3,3,50383.0,10.827428943340806
55.41,34,2024,0,1,11,117103.0,11.670817707841008
58.11,3,2015,9,4,1,130607.0,11.779955749691137
144.03,23,2020,4,4,6,60144.0,7.368339686311381
127.36,20,2014,10,0,0,90048.0,11.408109245600743
93.93,8,1991,33,2,6,143877.0,11.876720997240332
70.52,21,2014,10,0,3,45481.0,6.9865664594064265
71.08,40,2013,11,2,5,119312.0,11.689505571135069
62.14,38,1996,28,4,3,38190.0,10.550355164741893
62.89,39,1986,38,4,0,135269.0,11.81502806008324
65.77,41,2006,18,0,7,122427.0,11.715278381069137
86.82,38,1980,44,0,2,47062.0,10.7592424086558
51.72,45,2003,21,4,7,30743.0,10.33345013224468
106.71,16,2014,10,4,2,73514.0,7.711996507047669
145.73,31,2010,14,2,10,68607.0,11.136164424990419
139.08,30,2004,20,4,7,94512.0,11.456492670158047
58.25,13,1989,35,1,9,37468.0,7.889459149404524
98.5,42,2008,16,0,11,76166.0,11.240683577006326
75.96,43,1998,26,2,0,84825.0,11.348357378560248
117.18,40,1980,44,1,0,125699.0,11.74165339457834
81.41,4,2019,5,4,7,60211.0,11.005626946980394
124.51,4,2008,16,4,7,35417.0,10.474975444468745
66.46,37,2006,18,3,2,42109.0,10.648040521155973
144.44,45,1999,25,1,8,65007.0,11.082265618227508
59.74,7,2014,10,1,0,51540.0,7.650168700845001
136.58,36,2008,16,3,6,44423.0,10.701535142921443
140.18,45,2020,4,4,10,113396.0,11.638650214899393
84.42,35,2023,1,0,11,50077.0,10.821337068874277
109.01,35,1989,35,1,5,121031.0,11.70381025242467
123.93,14,2007,17,4,5,35315.0,10.472091398021472
147.36,24,2013,11,2,4,96307.0,11.47530666806372
55.71,21,2006,18,2,10,143462.0,11.873832441214182
70.89,43,2015,9,0,2,44108.0,7.046647277848756
96.59,4,2002,22,3,0,127701.0,11.757454703605113
61.28,20,2000,24,4,2,140181.0,11.850696857323062
90.39,35,2001,23,1,9,88689.0,11.392902422370499
111.9,8,2005,19,4,10,60174.0,11.005012262651272
80.1,40,1981,43,0,1,130267.0,11.777349145844807
131.07,11,2023,1,2,7,78611.0,11.272279638519876
89.76,14,1982,42,4,6,96101.0,11.473165406396351
59.31,10,2015,9,2,6,37061.0,8.216628493133443
118.66,44,2014,10,4,11,55743.0,8.489616423646003
149.04,8,2001,23,0,0,141208.0,11.857996341386782
116.06,40,1988,36,3,0,70768.0,8.110427237575024
66.99,35,1990,34,4,0,26907.0,7.794823152179389
92.04,13,2021,3,1,2,76740.0,11.248191394729853
140.89,35,1995,29,3,4,51409.0,8.48673398393153
67.27,27,1986,38,4,7,63520.0,11.059125838870145
126.2,24,2019,5,2,0,118625.0,11.683730965802935
129.13,43,2019,5,2,7,107282.0,11.583225481770386
65.95,44,2014,10,0,10,34503.0,8.102889134640868
57.37,33,1997,27,0,5,70560.0,7.427144133408616
113.94,31,1995,29,3,8,45536.0,10.72628046129497
123.81,5,1998,26,0,7,30515.0,8.262558973010657
111.36,8,1999,25,4,10,71092.0,11.171744158061266
134.0,20,1995,29,3,9,119534.0,11.691364494499958
67.13,34,1994,30,1,10,55103.0,7.6324011266014535
145.35,39,1996,28,0,5,71825.0,11.182001806479425
84.04,42,1991,33,0,2,141281.0,11.858513172022977
133.35,27,1981,43,1,2,122355.0,11.71469010730879
88.86,4,2000,24,3,7,103002.0,11.542513393001204
133.63,42,1994,30,0,1,45078.0,7.055312843339752
54.21,6,1985,39,4,9,142252.0,11.865362441397126
76.59,41,2020,4,2,6,43482.0,10.680125336095056
68.91,20,2019,5,4,11,75055.0,8.170751423757535
57.2,3,1998,26,3,6,21420.0,6.928537818164665
52.24,35,2005,19,2,7,142878.0,11.869753397205654
107.08,36,2019,5,1,2,30662.0,10.330811994997186
143.66,25,2010,14,4,6,86013.0,11.362265352684352
130.65,36,2020,4,1,7,112883.0,11.634116021759953
131.72,42,1980,44,0,8,23752.0,7.674617497364363
84.69,19,1982,42,1,0,21736.0,8.226038429485484
53.77,42,2023,1,1,10,62492.0,11.042809829452025
109.3,23,1981,43,1,7,73610.0,11.206549750071193
80.85,4,1993,31,2,4,74697.0,8.268218880067506
101.5,20,1988,36,1,0,146483.0,11.8946714864578
54.24,4,1995,29,4,4,106804.0,11.578760020891774
79.67,38,2007,17,2,6,73899.0,11.210468106936293
91.41,43,2000,24,4,5,137345.0,11.83025856842006
61.08,14,2001,23,3,1,89076.0,11.397256443211026
86.75,21,1997,27,2,3,92606.0,11.436120011729676
94.78,14,2020,4,4,0,60357.0,7.183870715062453
73.84,22,1980,44,4,1,84328.0,11.342481094322165
80.9,41,2004,20,3,3,37832.0,7.210079628170788
81.44,32,2015,9,2,0,71021.0,11.170744967181948
142.27,39,1994,30,1,3,143160.0,11.87172515004696
109.94,27,2005,19,0,9,44181.0,10.69607274530213
68.44,13,1991,33,4,2,111179.0,11.61890578850746
131.93,12,1992,32,0,4,66309.0,7.595889917718538
51.67,29,2016,8,0,11,68692.0,8.326758814511733
77.47,20,1984,40,1,1,117864.0,11.677295180706048
97.09,6,1992,32,2,6,141514.0,11.860160997514216
78.89,23,1990,34,1,10,73126.0,11.199952934587492
75.67,12,1988,36,0,0,94297.0,11.454215259488896
84.1,39,2001,23,0,7,102930.0,11.541814139813933
149.7,14,2019,5,0,10,98564.0,11.498471508000078
115.83,40,2012,12,1,3,56700.0,10.945547126244623
88.34,27,1996,28,1,1,120616.0,11.700375515198413
64.48,45,1989,35,2,7,58836.0,10.98252618769156
137.27,26,2007,17,4,0,118300.0,11.680987503016127
127.85,36,2008,16,3,11,62467.0,11.042409704607737
92.42,43,2021,3,4,7,40594.0,10.611400185296548
52.05,5,2014,10,2,8,90889.0,11.417405263112816
149.32,16,1988,36,2,1,67145.0,7.76046702921342
85.38,7,1997,27,3,10,35253.0,8.419359831067474
87.38,25,2009,15,3,3,70601.0,11.164813751691984
98.28,22,2017,7,0,4,68019.0,6.966024187106113
81.97,29,1985,39,4,2,35697.0,8.025516386489008
120.54,4,2004,20,3,7,79462.0,11.2830467835011
85.59,32,2000,24,0,11,42459.0,10.656317735257247
89.2,37,2021,3,0,1,45404.0,7.801800401908973
94.1,34,1995,29,1,3,81374.0,11.30682337951087
116.96,44,1985,39,1,1,82175.0,11.316618567609579
90.59,16,2015,9,2,1,109034.0,11.599424210586845
136.43,9,2000,24,0,11,24132.0,8.401333305321703
98.0,44,2011,13,0,2,61880.0,11.032968464866704
57.45,33,1983,41,0,9,130878.0,11.782028511220588
132.74,4,2024,0,4,2,63685.0,11.061720037185262
56.33,40,2011,13,1,8,121666.0,11.709043083618793
56.15,2,1986,38,2,8,57531.0,10.96009659372378
108.24,16,1995,29,2,11,46286.0,10.742616423111135
120.73,8,1983,41,2,3,103585.0,11.54815746454081
60.46,8,1999,25,4,7,109233.0,11.601247649143291
144.34,3,1995,29,3,2,52022.0,8.513787398281405
71.11,12,1989,35,2,11,147265.0,11.899995754354533
128.67,3,1990,34,3,5,43340.0,10.676854348197491
50.31,25,2014,10,2,4,140501.0,11.852977002530068
105.18,9,2006,18,0,6,62913.0,8.262042843966942
134.58,7,2021,3,4,7,75612.0,11.233383505056556
70.49,45,2009,15,4,2,64518.0,11.074715033048978
89.98,12,2019,5,2,1,50114.0,7.764296006450518
92.08,13,1993,31,2,5,47838.0,10.77559648539601
110.85,27,1985,39,2,3,67949.0,7.691656822810547
115.61,32,2020,4,4,11,76167.0,11.240696705965528
89.76,44,2013,11,2,8,115839.0,11.659965207619543
111.12,37,2003,21,3,2,65733.0,7.4109518755836366
133.27,16,2004,20,3,3,61475.0,7.119635638017636
77.49,34,1996,28,2,2,147391.0,11.900850983180357
147.88,19,1988,36,3,3,72732.0,11.194550480751076
111.12,14,1997,27,1,3,122063.0,11.71230077633001
91.57,33,1999,25,0,3,111228.0,11.619346418165367
136.89,43,1989,35,4,7,131291.0,11.78517912926479
59.56,10,2012,12,0,11,33713.0,10.425668460340253
102.81,14,1994,30,3,8,134767.0,11.811310060555146
140.16,23,1991,33,0,3,36804.0,8.212025804623437
67.95,17,2001,23,3,4,28674.0,7.181591944611865
127.57,33,1989,35,0,9,50481.0,8.389814262086407
109.69,5,2011,13,3,10,57993.0,10.968094835901553
131.64,5,2012,12,4,11,42734.0,10.662773535600119
130.19,40,2014,10,2,8,73117.0,11.199829853456357
112.64,16,2021,3,0,6,27005.0,7.189922170745808
141.9,9,1981,43,1,11,52576.0,10.870034040741325
51.33,35,1990,34,3,8,41081.0,10.623325348349118
146.78,31,1998,26,0,11,61633.0,11.028968945306259
120.52,38,2001,23,4,1,71259.0,8.366370301681654
62.92,35,2018,6,0,5,15705.0,7.826443135456014
136.45,13,2016,8,3,8,116499.0,11.665646551987892
116.35,9,2011,13,3,5,35732.0,10.48382991054901
114.5,4,2010,14,4,10,43697.0,7.790696031174738
112.43,38,1988,36,2,9,68932.0,11.140890297346669
131.13,40,2000,24,2,3,109026.0,11.599350836959129
72.2,41,1987,37,0,7,95238.0,11.464144800755673
63.72,20,1993,31,2,1,14703.0,7.463936604468925
56.66,3,2013,11,4,6,90918.0,11.417724279225835
123.54,39,1996,28,1,9,139699.0,11.847252545245054
71.24,22,2015,9,3,5,91506.0,11.424170751069669
90.71,34,2008,16,1,4,37128.0,10.522153614408765
86.32,23,2016,8,2,3,54189.0,8.414052432496725
149.61,2,2011,13,0,4,34644.0,7.60339933974067
72.71,11,2015,9,4,4,22460.0,7.00397413672268
58.94,32,2005,19,4,1,106332.0,11.57433095829772
132.66,3,2000,24,2,4,55662.0,10.9270709322979
74.77,11,2019,5,0,2,67070.0,11.11350703877837
92.11,35,2016,8,4,7,68486.0,11.134399225217722
109.15,44,2005,19,1,8,47456.0,10.767579316866689
63.27,45,1994,30,2,10,59133.0,8.495765244002618
146.52,33,2015,9,1,1,45443.0,10.724236077689795
118.87,33,1998,26,2,8,23821.0,7.462789157412448
98.42,32,2022,2,2,2,18212.0,7.067319848653476
122.02,14,2005,19,3,5,92069.0,11.430304436281892
136.84,41,1995,29,1,6,76801.0,11.248985960463353
80.31,19,2006,18,2,3,58627.0,10.97896767714719
110.96,41,2022,2,4,2,33465.0,10.418285277054519
119.77,11,2009,15,0,7,66262.0,8.195057690895077
94.65,20,1992,32,0,1,52466.0,10.867939679517301
117.26,26,1981,43,0,6,118157.0,11.679777990860252
96.3,7,1988,36,4,9,30628.0,10.329702551562889
78.04,15,1997,27,3,11,38461.0,8.065265208897733
96.98,13,2015,9,3,1,128272.0,11.761916084185986
52.08,21,1997,27,3,5,62500.0,8.149312843635345
62.37,5,1984,40,3,7,39529.0,10.58481515629073
103.4,38,2000,24,4,1,35768.0,10.484836875474242
98.09,36,2008,16,2,2,70796.0,8.252446090246952
83.37,2,2004,20,1,5,27963.0,7.7336835707759
126.06,27,1998,26,2,11,42508.0,10.65747109719941
76.28,27,1995,29,1,0,130787.0,11.781332970677312
113.11,2,1980,44,2,0,49857.0,8.411388132519262
104.32,38,2006,18,2,6,42224.0,7.552237287560802
73.58,34,2002,22,4,11,145356.0,11.886948064442109
81.96,3,2003,21,2,5,51329.0,10.84603065555435
127.39,1,2006,18,3,11,148447.0,11.90799000755147
70.25,27,2004,20,2,0,71065.0,7.57353126274595
114.4,5,1998,26,1,4,49352.0,8.164225652265827
51.9,2,2013,11,1,9,73102.0,7.367077059881012
145.53,14,2002,22,1,8,18823.0,8.21716859576607
94.41,44,1994,30,0,0,145720.0,11.889449113574935
122.74,29,2012,12,1,0,102175.0,11.534452095514508
128.5,36,2007,17,2,6,110707.0,11.614651383474907
73.28,17,1990,34,4,3,47281.0,10.763884952369743
69.14,33,2019,5,1,3,61704.0,11.030120243887284
133.62,3,2002,22,3,0,77771.0,11.261536748215716
56.11,10,2012,12,3,2,86865.0,11.372121980378239
114.39,33,2022,2,2,10,119081.0,11.687567610420313
71.58,4,1982,42,2,5,141053.0,11.856898074766077
90.66,39,2019,5,2,2,40307.0,10.604305239400293
74.48,2,2001,23,0,1,35719.0,8.416267272826277
65.29,15,1998,26,1,7,38205.0,8.325063693631197
101.0,41,1992,32,0,10,136080.0,11.821005575661202
75.32,28,1995,29,0,9,141920.0,11.863025843741806
134.83,43,1986,38,2,11,43543.0,10.681527200114036
138.78,18,1998,26,2,7,111440.0,11.621250581852047
143.03,24,2010,14,1,4,145494.0,11.88789700074205
112.25,44,2002,22,0,1,107643.0,11.586584765057118
122.6,9,1990,34,1,2,56168.0,8.255568653283746
61.57,15,1988,36,0,7,89253.0,11.399241516564762
56.02,31,2004,20,3,6,29981.0,7.669495251007694
116.47,40,2000,24,4,4,28637.0,7.325148957955575
92.71,7,2004,20,0,10,101493.0,11.527754962416227
127.01,22,1991,33,1,5,69728.0,11.152371579082537
97.89,35,2012,12,4,7,36534.0,10.506025984225317
111.9,43,2012,12,4,5,26308.0,7.8434564043761155
67.49,20,2005,19,3,1,28548.0,8.042056410058754
81.11,22,2018,6,0,6,21526.0,7.382124365737512
91.19,21,2016,8,1,0,70045.0,7.768956044538332
57.35,24,2013,11,4,2,58300.0,8.420902531097951
113.27,2,1997,27,1,5,99862.0,11.511554525662229
71.54,22,1987,37,4,1,146899.0,11.897507362161969
54.1,20,2019,5,1,0,22462.0,8.455955881945048
133.77,5,1993,31,2,5,61078.0,11.019923387227362
87.78,39,2000,24,1,10,57716.0,10.963307036485082
117.81,17,1991,33,0,10,130682.0,11.78052982229264
99.44,17,2000,24,1,3,58970.0,7.384610383176974
114.06,29,2021,3,4,9,62928.0,11.049762385722545
69.95,21,2018,6,1,3,58777.0,10.981522914215407
70.66,1,2000,24,4,9,128217.0,11.761487219228986
82.13,3,1980,44,3,0,132160.0,11.791776155312135
85.82,30,1994,30,3,4,59624.0,8.280204233279974
78.37,36,2016,8,4,1,30975.0,8.0507033814703
120.5,29,1983,41,4,6,22916.0,7.493873886783559
91.28,34,1990,34,1,3,25366.0,8.168202930236053
118.3,1,2012,12,2,0,57607.0,10.961416725928702
58.41,3,2021,3,2,8,55106.0,7.510430556378006
99.76,38,2020,4,4,8,105067.0,11.56236303857256
105.49,17,1996,28,2,7,36638.0,10.508868525839198
86.66,22,2017,7,2,7,15505.0,7.204892510204673
130.37,1,1986,38,4,5,56870.0,10.948540824109674
62.82,37,1998,26,4,2,34354.0,8.19836438996762
131.92,30,2014,10,4,3,66491.0,11.10483691865535
85.95,45,2001,23,4,11,114772.0,11.650711543568082
90.75,3,1995,29,0,8,47100.0,7.313886831633462
98.66,38,1981,43,2,9,48830.0,8.080546965824498
144.41,30,1980,44,0,10,54265.0,10.901653158794721
64.28,5,1987,37,2,9,143278.0,11.872549057369087
127.52,38,1986,38,0,7,75123.0,8.189799618728228
90.9,13,1993,31,0,9,75693.0,11.234454176046501
138.92,23,1984,40,4,0,102051.0,11.533237766282106
127.84,38,1997,27,0,7,117743.0,11.67626805516638
140.98,33,1999,25,0,6,109231.0,11.601229339658062
111.87,25,2020,4,2,4,34334.0,7.43543801981455
75.96,18,2020,4,3,5,60411.0,8.297045149081827
92.72,30,2020,4,1,6,76462.0,8.455955881945048
74.69,44,1999,25,0,6,81681.0,11.310588938337013
66.92,33,2018,6,1,11,104389.0,11.555889164402345
68.81,10,2005,19,1,3,119359.0,11.689899415437587
102.6,19,1984,40,1,4,74867.0,8.116118431609365
126.9,44,2018,6,4,8,57405.0,10.957904106461543
61.92,8,1981,43,2,1,136526.0,11.824277676244678
101.83,20,1990,34,4,5,46277.0,10.742421965162054
114.13,43,2002,22,0,3,132079.0,11.79116307859401
100.01,34,2014,10,3,6,32003.0,10.373616173970015
76.64,4,2019,5,4,7,51730.0,10.853812493953187
99.76,37,1985,39,3,7,115273.0,11.65506718212945
107.75,4,1983,41,4,1,94749.0,11.458997122944673
126.84,15,2005,19,4,11,67126.0,11.114341626525587
148.67,32,2000,24,1,11,118147.0,11.679693354837417
57.04,17,1983,41,1,11,58590.0,10.978336380152186
83.47,41,1992,32,2,8,89158.0,11.398176571645072
125.76,42,2000,24,2,4,47761.0,8.31434234336979
57.02,17,2003,21,4,7,75573.0,11.232867587671265
93.72,43,1997,27,3,4,16150.0,8.068089626278244
144.01,40,1983,41,3,7,82435.0,11.319777513691399
71.28,2,2017,7,3,4,91035.0,11.419010311663804
52.74,17,1986,38,2,3,23714.0,8.46695197497949
81.11,31,1981,43,0,11,30202.0,10.315696536177638
132.37,21,1989,35,3,8,62750.0,11.046929793122029
58.17,20,2013,11,1,9,134484.0,11.80920794764118
122.71,21,1992,32,3,9,33207.0,6.954638864880987
74.27,36,1980,44,0,4,41481.0,7.767263996757308
66.59,35,2024,0,0,11,28153.0,7.906178840394815
131.96,16,2009,15,4,5,114551.0,11.648784147353842
86.64,35,2011,13,4,8,69237.0,11.145305123835413
94.84,41,2004,20,0,10,93788.0,11.448802857328646
82.1,43,2024,0,3,1,93529.0,11.446037519428597
101.52,21,1997,27,3,8,92910.0,11.439397324681515
63.17,37,2007,17,1,5,63355.0,8.044305406990638
107.97,30,1988,36,4,8,61154.0,11.021166903921463
129.8,22,1992,32,3,0,35917.0,7.748460023899697
110.04,42,1993,31,4,2,72384.0,11.189754374588144
63.09,9,2001,23,1,6,120915.0,11.702851368624119
62.0,34,2014,10,1,3,120449.0,11.698990008043017
51.7,38,1986,38,2,5,78039.0,11.264976794737047
116.31,12,2007,17,1,8,53305.0,10.883804174174841
55.34,37,1992,32,4,9,63184.0,11.05382221019278
146.89,1,1993,31,1,6,54617.0,8.08886878916199
61.29,3,1982,42,1,8,61942.0,7.288244401020124
120.56,14,2008,16,1,5,15455.0,7.60887062919126
59.76,22,1998,26,2,3,121007.0,11.703611938095811
54.24,2,1981,43,1,4,111677.0,11.623375009526388
119.49,44,2015,9,1,1,92441.0,11.43433669980983
111.01,41,2008,16,4,7,53722.0,10.891596494200753
56.03,42,2013,11,4,10,34625.0,10.452360123939021
51.9,7,1986,38,1,11,62959.0,11.050254883091284
55.22,41,1990,34,4,6,107285.0,11.583253444803258
54.56,40,2000,24,0,11,27554.0,8.516192691082654
108.62,35,1986,38,3,3,21351.0,7.421775793644647
74.08,24,2005,19,0,4,99373.0,11.50664578901292
139.29,3,1999,25,1,8,73955.0,7.798112628829788
125.5,4,2023,1,1,3,55279.0,10.920166458441551
142.5,30,2006,18,3,8,22700.0,8.50532301884575
70.49,10,1986,38,2,1,59861.0,10.999797192141562
124.34,36,1999,25,0,5,30977.0,10.341032554107704
89.62,28,1995,29,4,2,105409.0,11.565612787249234
76.72,25,1986,38,2,0,52436.0,10.867367728003197
51.05,24,1995,29,1,8,53943.0,10.895701750414418
148.71,29,2008,16,4,2,62772.0,8.503702601233739
65.07,39,1999,25,4,1,110884.0,11.616248907202129
91.58,12,1996,28,3,0,93171.0,11.442202526351245
75.64,10,2015,9,1,0,46771.0,10.75304001226021
54.14,1,2011,13,2,6,75131.0,11.22700184553331
60.68,25,1993,31,3,0,54911.0,10.913487182847634
64.9,33,1995,29,1,6,43311.0,8.281977058867758
96.35,17,1988,36,2,2,136313.0,11.822716327009987
118.7,13,2022,2,0,2,118408.0,11.681900012056674
148.56,43,2011,13,4,6,113185.0,11.636787762191187
100.52,25,2001,23,2,2,37553.0,7.617759576608505
68.14,28,1997,27,2,6,44132.0,10.694963080918322
98.48,13,2019,5,1,11,55038.0,10.915797303837524
94.94,11,1998,26,4,6,100864.0,11.52153826806845
137.29,40,2011,13,0,8,63410.0,8.202756381655638
97.65,13,1994,30,3,10,142528.0,11.86730076675767
94.3,1,2007,17,0,11,70377.0,11.161635993307835
142.47,24,2007,17,0,4,31117.0,10.345541708874908
63.41,22,1995,29,2,7,16081.0,7.091742115095153
69.58,31,2013,11,2,6,42575.0,8.496173824192162
124.97,45,1983,41,3,6,25352.0,7.746300662231439
66.07,38,2006,18,3,2,95952.0,11.47161376723159
110.32,5,1985,39,3,7,19832.0,8.292298107063221
145.34,8,1981,43,0,8,115292.0,11.655231993225946
52.02,31,2018,6,0,8,126291.0,11.746351965081452
120.12,8,2007,17,4,4,129921.0,11.774689549365688
118.81,3,2018,6,0,10,47727.0,10.77327350675453
61.1,35,2012,12,1,11,93529.0,11.446037519428597
60.19,2,2017,7,3,1,111597.0,11.622658407621808
140.94,17,1980,44,0,2,32412.0,10.386314855875257
87.04,45,2004,20,4,2,131348.0,11.785613181837656
78.56,25,1985,39,4,10,73187.0,8.185350223178686
121.02,16,2001,23,1,8,20226.0,7.708410667257367
143.76,16,1986,38,1,6,47565.0,7.303843225277705
51.13,22,1990,34,3,4,72636.0,11.193229712862854
103.42,41,2010,14,1,7,41891.0,10.642850156893036
97.96,16,1987,37,2,0,15504.0,7.007600613951853
50.52,36,1988,36,4,4,147640.0,11.902538930353183
71.96,22,1983,41,2,4,33028.0,10.405141242419408
99.8,25,1999,25,1,3,108720.0,11.596540246722386
123.79,39,1981,43,1,6,64068.0,7.264730177929867
61.19,19,2022,2,1,9,136670.0,11.825331856826788
80.54,29,2011,13,4,4,65671.0,7.844632644464681
66.59,9,2019,5,0,3,48788.0,8.44009614103127
73.95,22,1982,42,2,7,73413.0,8.307459327011946
89.38,23,2024,0,1,3,95128.0,11.46298914421421
113.75,2,2022,2,0,2,99860.0,11.511534498024087
127.06,35,1981,43,4,9,83403.0,11.331451548827411
136.84,33,1989,35,0,4,109113.0,11.600148486228296
136.98,42,1985,39,1,8,115666.0,11.658470652101114
138.87,41,2022,2,0,5,31157.0,8.10711747075039
67.6,7,2022,2,1,9,74051.0,7.927324360309794
59.28,14,1999,25,2,5,82494.0,11.320492964425545
75.16,23,2004,20,0,4,45527.0,10.72608280028296
68.61,19,1980,44,0,5,45880.0,8.200013648175434
64.95,43,1999,25,4,0,143671.0,11.875288202698572
62.82,15,2014,10,2,10,66846.0,11.110161704933725
77.49,14,2006,18,2,2,60613.0,11.012281168477989
146.37,21,2015,9,2,9,136102.0,11.821167231012346
120.47,24,2017,7,2,7,47544.0,10.769431909973544
134.05,8,1984,40,2,8,46286.0,7.865955413933502
149.26,12,1984,40,2,4,50572.0,10.831173116024157
107.58,41,2017,7,4,0,114557.0,11.648836523941519
74.09,18,2011,13,3,6,64087.0,7.786551806428712
95.32,11,2021,3,4,1,55887.0,7.4073177104694174
138.69,3,1985,39,1,1,54341.0,10.903052687603003
71.68,12,2009,15,1,11,73176.0,7.256297239690681
53.32,11,2013,11,2,11,86506.0,11.367980614501223
123.39,35,2015,9,3,10,73069.0,11.199173164785263
53.72,39,1986,38,0,10,73482.0,11.204809365931682
106.07,27,1989,35,0,11,148732.0,11.90990803116248
121.56,26,1981,43,3,0,53511.0,10.887661206798244
79.58,28,1987,37,0,5,39430.0,8.14060704285845
112.43,20,2004,20,1,7,33221.0,10.410967586051022
106.11,43,2004,20,3,4,129867.0,11.774273828970154
117.1,40,2024,0,0,3,130748.0,11.781034733714366
84.02,14,2002,22,3,6,66824.0,8.150467911624004
53.25,35,1989,35,0,3,39974.0,7.19668657083435
56.22,11,1997,27,1,8,128666.0,11.764982950449077
119.97,39,1988,36,4,3,145999.0,11.891361900690473
75.07,17,1998,26,1,0,59112.0,8.491465042843506
69.55,36,2002,22,2,1,46822.0,10.754129814173721
63.91,35,1987,37,1,5,42052.0,10.646686006494784
76.95,27,2002,22,0,10,114329.0,11.646844282536016
136.23,15,2007,17,3,2,51593.0,10.851160665638952
127.1,6,1988,36,0,8,78475.0,11.270548124540719
81.81,32,2019,5,0,4,45068.0,8.413830678421084
105.79,18,2000,24,1,7,54477.0,7.088408778675395
104.68,42,1986,38,0,4,129241.0,11.76944189490381
51.11,32,2003,21,1,3,52311.0,8.251142139090751
74.69,36,1988,36,0,2,138126.0,11.835928830787335
67.59,31,2023,1,3,7,129933.0,11.77478190821065
117.7,38,2003,21,3,11,112561.0,11.631259459931767
93.12,18,1992,32,0,2,68370.0,7.771067086065406
89.85,34,2002,22,0,6,143321.0,11.872849126108015
56.36,33,1997,27,2,0,40349.0,7.975908360165538
90.24,43,1991,33,1,5,31857.0,10.369043806854583
59.31,34,1996,28,1,0,92261.0,11.432387634743748
52.31,24,1983,41,1,6,50867.0,10.836989321140637
80.39,3,1992,32,1,2,49375.0,10.807219755162887
139.75,36,2016,8,0,11,144723.0,11.882583759267089
64.87,39,2013,11,0,9,40412.0,8.27715777243181
130.23,22,2021,3,3,11,100017.0,11.513105448772173
149.71,45,1989,35,0,5,21681.0,7.715123603632105
80.54,27,2011,13,4,3,74505.0,8.217708406845306
56.07,11,1991,33,0,9,67748.0,7.466799475018602
115.69,22,2009,15,0,8,102333.0,11.535997252537985
141.85,16,2001,23,1,8,31298.0,10.351341427136079
116.71,44,1992,32,1,4,48780.0,7.901377353792616
86.31,6,1985,39,0,10,144184.0,11.878852476230902
128.1,29,2014,10,4,8,44267.0,10.698017347384676
101.85,20,1986,38,4,2,35014.0,7.254884810077338
88.68,23,1990,34,2,0,79150.0,11.279112699468135
130.44,39,1988,36,0,10,43578.0,7.002155954403621
112.27,9,1993,31,0,6,141382.0,11.859227798908503
148.12,20,1993,31,4,9,89677.0,11.403980755980855
54.03,28,1992,32,4,8,97914.0,11.491855034350937
92.07,20,2009,15,4,7,51505.0,10.849453584720033
50.18,19,1992,32,0,3,41223.0,7.530479995245536
136.36,27,2010,14,4,1,93670.0,11.447543921922854
124.85,39,2017,7,4,2,146111.0,11.892128729889468
129.63,30,2022,2,3,7,54107.0,10.898737328209085
119.67,14,2014,10,4,5,108344.0,11.593075859153057
71.19,44,2016,8,4,5,140217.0,11.850953633358708
104.11,6,2018,6,4,1,63231.0,8.499436469826978
65.45,44,2019,5,3,2,145688.0,11.889229491735405
72.01,34,2021,3,1,2,108354.0,11.593168152646431
125.53,13,1983,41,1,4,40786.0,7.96102146588337
89.52,43,2002,22,2,3,32823.0,10.398915234122022
64.04,7,1990,34,2,7,68612.0,7.665284718471351
67.51,10,2015,9,3,1,53955.0,10.89592417858957
93.05,42,1994,30,2,3,85693.0,11.358538090466329
52.3,7,2005,19,0,7,52631.0,10.871079578765833
71.95,42,1988,36,1,5,144309.0,11.879719042430123
130.61,14,1990,34,2,3,97592.0,11.488561048517612
50.84,1,2013,11,4,10,79711.0,11.286175418061907
113.19,26,2022,2,0,9,87594.0,11.380479197669922
95.97,43,1996,28,1,0,131497.0,11.786746921358821
141.09,13,2005,19,2,7,82837.0,11.324642172291952
128.22,45,2005,19,4,8,144290.0,11.879587372754498
149.09,36,2015,9,4,1,55783.0,8.39479954320217
86.41,31,1980,44,3,5,40202.0,8.399085102935908
103.21,25,1990,34,2,7,83696.0,11.33495841354131
62.58,33,1981,43,0,9,47553.0,7.1180162044653335
147.94,33,1983,41,3,11,30966.0,8.255048902752295
59.48,41,2010,14,2,0,74312.0,7.934871565945177
107.09,10,2017,7,4,10,72966.0,8.426611813185
77.74,30,2006,18,4,11,131772.0,11.788836024222535
97.97,40,1983,41,2,2,68666.0,8.054204897064407
90.23,4,2005,19,1,6,61024.0,11.019038895261161
146.1,44,2010,14,0,3,44807.0,10.710141973889668
125.13,35,2002,22,0,3,144458.0,11.880751009249437
79.87,29,1986,38,3,1,54284.0,7.126890808898808
136.04,1,2020,4,1,5,81926.0,11.313583885841508
147.91,34,2020,4,4,2,67605.0,7.850103545175582
66.77,45,1986,38,4,9,112505.0,11.630761832537774
144.91,14,2008,16,3,6,95994.0,11.472051385760256
85.04,3,2012,12,3,3,52485.0,10.86830174635117
70.77,27,1999,25,4,7,55640.0,8.304247465078474
91.74,12,1984,40,2,3,70416.0,11.162189990267917
70.25,23,2012,12,1,3,112346.0,11.629347574987271
106.94,43,2009,15,1,3,146408.0,11.894159354029648
78.66,44,2011,13,3,4,54699.0,10.909618988410072
55.09,41,1989,35,2,1,116174.0,11.662852953953179
112.94,8,1993,31,3,10,62888.0,11.049126546631992
71.05,25,2024,0,3,7,67691.0,11.122723283527977
145.79,23,1981,43,3,7,48486.0,7.563719668414366
61.83,13,2012,12,0,3,147417.0,11.901027367971018
102.34,28,2004,20,0,8,17853.0,8.075271546297458
91.37,40,1996,28,2,8,78883.0,11.27573369792996
76.93,3,2012,12,4,9,85541.0,11.356762762382015
70.05,1,2001,23,0,4,143763.0,11.87592834522172
134.68,44,2005,19,0,10,131874.0,11.789609783212468
127.61,43,2014,10,1,7,101891.0,11.531668707787365
78.74,31,1986,38,1,1,141462.0,11.859793477773561
93.67,38,2012,12,3,11,30223.0,10.316391589741292
121.39,8,1983,41,2,3,117494.0,11.674151058469448
135.04,31,2020,4,0,7,15726.0,6.99117688712121
138.68,8,2016,8,1,2,66633.0,8.350902451694811
147.56,18,2002,22,3,0,27740.0,7.365812837209472
80.55,5,1996,28,4,0,97542.0,11.48804858540374
78.61,45,2015,9,2,5,76463.0,11.244575320817939
59.87,32,1982,42,3,6,23312.0,7.796880342783522
62.34,6,2019,5,4,0,32039.0,10.374740401182295
103.17,3,2001,23,0,5,112067.0,11.626861108897717
130.22,9,2003,21,0,3,132214.0,11.792184664410925
104.66,36,1999,25,0,8,85920.0,11.361183548408668
148.13,41,1986,38,0,4,70365.0,11.16146547094057
95.89,7,1996,28,3,6,30169.0,10.314603332153107
59.77,13,1990,34,1,7,140660.0,11.854108019178414
123.4,35,1993,31,3,9,75805.0,8.469262657658687
68.05,28,2014,10,0,3,61628.0,11.028887817960621
124.61,7,1986,38,1,7,31724.0,7.583247524303362
92.08,13,1996,28,0,5,40530.0,10.609822392399646
101.58,39,2023,1,2,11,81809.0,11.312154764507744
108.22,36,1996,28,0,1,28115.0,8.19863945529737
110.03,37,1981,43,3,8,99611.0,11.509037918243036
100.09,34,1990,34,4,8,36231.0,8.474703139795285
75.44,30,1992,32,4,2,80921.0,11.301241006744913
139.98,36,2002,22,1,7,63655.0,7.310550158534422
95.59,30,2011,13,3,11,96394.0,11.47620961203357
112.42,37,1988,36,4,11,24951.0,7.266827347520591
86.65,9,2019,5,3,10,137622.0,11.832273341675972
123.12,10,2010,14,3,11,132914.0,11.797465105149513
127.05,10,1999,25,2,0,144622.0,11.881885635532596
116.96,24,2021,3,0,6,139510.0,11.845898730181414
142.08,27,2002,22,1,10,30185.0,7.234177179749849
110.07,33,1983,41,0,10,132857.0,11.797036167666217
140.43,13,2010,14,4,9,54836.0,10.912120427584714
119.27,27,2022,2,4,5,126603.0,11.748819383769703
149.61,35,2005,19,4,2,100499.0,11.517913006481267
99.14,16,1994,30,0,5,81554.0,11.30903291824813
84.31,1,2013,11,4,9,143051.0,11.870963479506003
116.51,27,1990,34,4,5,58920.0,8.15507488781144
99.21,33,1982,42,2,10,123719.0,11.725776226799006
123.76,31,2003,21,1,8,42053.0,10.64670978572838
148.33,24,1990,34,3,4,31502.0,10.357838058374103
114.82,27,1984,40,4,3,70191.0,8.080856419640986
118.58,20,1996,28,3,5,43582.0,8.505727713306959
56.67,12,1984,40,2,9,119472.0,11.6908456834025
110.17,5,1996,28,4,11,111316.0,11.620137265941437
86.74,13,1998,26,2,3,96843.0,11.480856715444723
57.24,39,2020,4,4,2,126422.0,11.74738870616713
58.25,40,2010,14,3,1,32969.0,10.403353336065777
66.9,43,1999,25,3,11,73061.0,11.199063674735063
67.52,39,1983,41,0,3,73383.0,11.203461207189491
63.03,19,2012,12,2,9,47932.0,10.777559481473872
86.32,6,1981,43,1,11,107119.0,11.581704980365053
146.75,12,2022,2,0,6,113025.0,11.635373159723754
99.07,9,1982,42,0,9,46507.0,7.947325027016463
146.21,16,2010,14,0,2,36456.0,10.503888762894483
140.99,7,1996,28,4,11,72880.0,11.196583253025215
67.99,11,2004,20,3,7,109221.0,11.601137787203019
140.11,3,1989,35,0,5,71601.0,7.993619994827744
139.87,34,2019,5,2,0,79566.0,11.284354713009064
101.84,15,2018,6,2,11,125383.0,11.739136307333904
65.08,20,1996,28,2,11,50795.0,10.835572890308924
136.1,1,1997,27,2,4,39353.0,10.58035290052179
123.29,36,2009,15,0,1,124014.0,11.728157805013103
92.95,1,2000,24,1,5,18467.0,7.419380582918692
97.02,28,2017,7,4,1,61410.0,11.025344251183697
68.09,23,2024,0,1,9,38756.0,8.34212526333359
71.88,8,1984,40,1,0,31882.0,7.246368080102461
103.05,2,2001,23,0,10,35281.0,7.273786317844895
149.03,11,1989,35,3,9,27495.0,8.08825472712243
136.46,32,1996,28,4,9,15983.0,8.090708716083997
62.7,41,1985,39,4,1,42563.0,6.950814768442584
113.97,42,2011,13,1,5,30235.0,10.316788546412067
82.16,25,1990,34,3,7,111114.0,11.61832098001557
129.83,16,2015,9,3,3,54175.0,8.35608503102148
146.27,26,2007,17,0,5,126313.0,11.746526149384719
125.58,16,1987,37,3,4,127645.0,11.757016086495147
72.84,8,2020,4,2,3,50239.0,10.82456680114208
118.71,7,2013,11,1,0,119431.0,11.690502450733426
57.09,26,1998,26,3,5,16677.0,7.351158226430694
99.17,4,2001,23,0,5,64882.0,7.817222785508166
109.98,23,1997,27,2,2,82057.0,11.315181593288735
142.77,7,2014,10,0,8,41198.0,7.020190708311925
120.2,30,2008,16,2,9,87712.0,11.38182539998608
76.63,39,1987,37,1,11,59543.0,10.994470814039747
87.69,32,2013,11,3,5,18286.0,8.06054004653864
107.15,31,1988,36,3,11,40014.0,10.597009662801147
53.18,27,2021,3,4,10,62418.0,8.429235912657095
66.26,3,1984,40,1,3,105836.0,11.569655453715917
107.84,34,2012,12,1,0,43316.0,10.67630044663933
95.23,12,1989,35,4,8,37226.0,10.524789583442729
123.86,19,2020,4,4,1,54133.0,8.401557847817314
146.9,24,1989,35,0,5,90100.0,11.408686542313973
56.89,36,1985,39,2,4,30082.0,7.909489492673759
142.21,34,2016,8,2,11,20186.0,8.260234291607297
116.72,45,1983,41,1,11,61059.0,11.019612266288869
78.75,29,2008,16,2,0,67479.0,8.433811582477187
90.66,44,2024,0,0,0,133531.0,11.802096428473428
79.49,34,2002,22,1,7,126706.0,11.749632613401866
55.26,40,1992,32,2,4,149367.0,11.914168338645172
90.85,25,1982,42,0,6,70072.0,7.780303087908373
106.9,8,2023,1,0,7,66156.0,11.099785984050369
107.25,19,2013,11,4,5,137963.0,11.83474806054174
117.88,6,2022,2,4,7,24150.0,7.635786861395585
130.1,19,2000,24,1,8,34192.0,10.439776223738649
96.5,18,2020,4,1,10,111391.0,11.620810790611165
111.74,16,2022,2,3,3,43129.0,7.52294091807237
139.77,32,2008,16,4,3,62764.0,11.047152872252308
102.36,42,1991,33,4,5,111348.0,11.620424691953675
69.67,15,1983,41,0,1,70114.0,7.977625098784593
62.55,29,1990,34,3,10,96402.0,11.47629260044636
68.85,19,2015,9,2,2,127715.0,11.757564327829044
133.31,45,1981,43,4,10,62281.0,11.039427738470215
97.2,1,1985,39,0,0,108651.0,11.595905393246403
126.51,18,1990,34,4,6,30352.0,10.320650638390102
91.04,36,1983,41,1,1,112773.0,11.633141095023804
70.81,38,1998,26,4,7,14065.0,7.204892510204673
73.0,33,1996,28,4,0,77585.0,11.259142277523907
89.88,32,2019,5,2,1,66322.0,11.102292024009255
123.19,8,2014,10,1,2,55010.0,8.486940148245216
68.47,14,1986,38,2,1,58848.0,10.98273012019061
120.42,13,2015,9,4,2,114574.0,11.648984909377324
130.02,17,1987,37,3,7,18967.0,7.0967213784947605
118.18,8,1984,40,4,11,129928.0,11.77474342639523
56.22,7,2007,17,3,1,115007.0,11.652756970143232
113.15,41,2006,18,3,3,52661.0,8.07775756373692
117.74,19,1991,33,2,4,54562.0,10.907111276342949
75.06,34,2013,11,2,2,47728.0,10.773294458596721
105.23,14,2002,22,2,3,70454.0,11.162729487129205
78.4,18,1987,37,2,4,86147.0,11.363822026364483
103.14,32,2021,3,1,2,74622.0,11.220204049665742
66.24,19,1991,33,1,7,58936.0,8.226038429485484
98.85,40,2018,6,4,9,42414.0,10.655257352241835
147.74,11,2002,22,3,0,41315.0,10.629005113126524
60.49,27,1980,44,4,11,37054.0,10.520158574385459
133.21,22,1998,26,4,9,114429.0,11.64771856131176
138.18,23,1981,43,0,1,46796.0,10.753574377286979
120.4,14,2001,23,2,9,143909.0,11.87694338316422
88.42,36,1986,38,2,4,95321.0,11.465015912948079
70.68,12,2015,9,4,8,78237.0,11.267510742009788
107.22,2,2007,17,1,1,17431.0,8.350429973538136
92.27,2,2013,11,0,8,69557.0,11.149916215898456
93.02,41,1988,36,3,2,76453.0,11.244444531767412
127.96,26,2022,2,3,10,39352.0,10.580327489821343
131.6,26,1984,40,4,1,141247.0,11.85827248961641
124.43,22,2005,19,0,3,85175.0,11.352474982994442
143.01,19,2011,13,0,9,131693.0,11.788236328607011
61.65,3,1985,39,2,3,130631.0,11.780139488782146
124.64,40,2024,0,3,9,77413.0,11.256922921774237
137.29,29,2020,4,1,6,100209.0,11.515023263052374
144.75,33,2015,9,0,8,52366.0,10.866031900927718
120.45,1,2012,12,4,2,133443.0,11.801437193162487
60.99,44,1988,36,1,9,38346.0,10.554431576877635
75.5,38,2015,9,1,5,141077.0,11.857068207895662
82.19,33,2023,1,2,6,57743.0,10.96377472688257
65.05,24,1994,30,0,9,37446.0,7.881182202227102
61.06,44,2000,24,0,3,42673.0,10.66134511446483
126.98,27,1982,42,3,10,76266.0,11.24199562043949
134.22,12,2024,0,0,0,22663.0,6.96979066990159
111.47,6,2000,24,2,9,18606.0,7.925518979786926
146.36,21,1989,35,3,10,107543.0,11.58565534513409
61.4,15,1995,29,4,3,18460.0,7.7752758464868625
83.96,14,2008,16,0,6,56758.0,8.342601680684194
54.67,2,2006,18,0,4,63566.0,11.059849746745142
67.68,44,1985,39,2,5,121567.0,11.708229055987353
111.31,4,1995,29,0,4,54044.0,10.897572311850304
87.8,36,2004,20,3,11,104169.0,11.553779458978495
53.3,20,1983,41,3,2,45767.0,8.510772623613315
123.57,26,2001,23,4,5,68173.0,11.129818539472732
119.75,10,2003,21,3,10,30277.0,8.484256691169973
63.51,4,1984,40,4,6,69697.0,8.496582237512113
138.31,40,1985,39,2,7,116881.0,11.6689201578456
72.26,18,2023,1,0,8,97501.0,11.487628169596066
110.47,20,2022,2,1,2,79793.0,11.287203592641218
114.3,10,2017,7,1,0,110283.0,11.610814135789338
93.33,9,2019,5,3,9,62314.0,11.039957446260477
124.64,33,2009,15,3,3,49496.0,7.806696372521179
63.08,21,1984,40,4,9,84346.0,11.342694521247969
63.57,3,2022,2,1,3,149818.0,11.91718317780332
139.81,16,1994,30,1,11,16871.0,7.148345743900068
105.85,29,2023,1,4,8,90052.0,11.408153664874273
80.2,27,2014,10,0,11,134351.0,11.808218500423344
59.07,27,1984,40,0,2,25580.0,8.289288323000317
95.68,39,1988,36,0,3,55014.0,10.915361154304014
83.91,40,2013,11,1,9,141805.0,11.862215205302055
108.8,3,2021,3,1,11,40591.0,10.611326281839062
90.93,1,2022,2,3,11,65409.0,7.835974581721566
125.78,21,2000,24,4,2,139976.0,11.84923340238078
70.75,35,1986,38,0,11,95450.0,11.46636830578838
51.4,1,1980,44,3,8,95186.0,11.463598656833177
137.27,33,2018,6,0,11,61489.0,8.202482446576537
109.31,42,1988,36,0,3,68409.0,7.682482446534506
100.4,9,2005,19,1,7,68741.0,11.138115645121681
115.68,2,2020,4,2,3,32038.0,10.374709189708955
138.01,12,2004,20,0,5,46691.0,10.751328122772554
118.64,12,2014,10,4,11,78958.0,11.276684009386841
138.1,27,1991,33,0,5,27618.0,7.285506548522785
147.18,8,2011,13,2,1,62615.0,11.044776115484675
136.15,3,1998,26,2,8,31218.0,7.285506548522785
80.9,7,1987,37,0,8,146446.0,11.894418867238961
122.42,18,2002,22,4,3,144996.0,11.884468331533505
76.24,37,2003,21,4,1,99254.0,11.50544757511427
51.35,1,2015,9,1,9,54868.0,10.91270380499174
144.14,11,2011,13,1,4,61163.0,8.10892415597534
74.69,32,2012,12,2,10,88896.0,11.395233675150816
122.34,28,1983,41,4,0,46289.0,7.408530566894626
108.79,15,2012,12,2,2,53200.0,10.881832472145556
130.09,39,1999,25,2,0,30460.0,10.324202455851168
77.2,12,1983,41,1,5,23850.0,7.719129840906732
76.84,31,2000,24,0,11,53882.0,7.187657164114956
59.57,1,2017,7,2,0,142731.0,11.86872402499674
60.06,41,1987,37,2,3,23488.0,8.418256443556213
87.04,3,2014,10,3,4,83988.0,11.338441116869486
78.25,16,1983,41,0,11,90038.0,11.407998188783962
125.07,43,2007,17,2,9,74862.0,11.223415055461752
117.56,17,2024,0,2,5,149661.0,11.916134697169271
116.5,27,1986,38,1,5,20096.0,8.298290634359283
111.31,18,1995,29,3,4,63506.0,8.506536611227709
141.44,23,1993,31,0,9,107139.0,11.58189166943495
123.01,29,2014,10,1,6,46719.0,7.847762537473608
108.89,33,2007,17,0,1,54837.0,10.91213866328109
147.09,9,1991,33,4,0,122435.0,11.715343723463306
140.07,42,1987,37,1,6,80903.0,11.301018545582007
108.0,37,2007,17,1,9,50364.0,10.827051768376782
94.41,24,2019,5,0,8,64086.0,11.06799681422809
137.71,41,1997,27,3,5,46418.0,10.745464137157782
96.4,9,2002,22,2,9,35689.0,8.169053149927343
58.21,32,2009,15,1,11,44745.0,10.708757334233022
107.4,13,1995,29,2,0,64736.0,11.078088187203576
58.16,21,1989,35,2,0,122145.0,11.7129723295267
56.01,4,1998,26,2,5,54797.0,10.911408975919734
53.52,27,2000,24,3,9,60424.0,11.009158205571683
51.58,6,1998,26,3,9,37288.0,7.911690520708339
131.31,32,1994,30,1,5,37330.0,8.157943507105037
138.47,26,1981,43,4,3,130558.0,11.779580510854876
122.45,31,2003,21,1,4,74983.0,8.150179269682326
146.55,15,1980,44,0,9,105171.0,11.563352384163151
72.49,34,2003,21,2,6,62004.0,11.034970305936874
64.79,42,2014,10,0,10,19561.0,8.501470230951002
65.38,39,1996,28,4,7,121567.0,11.708229055987353
144.7,11,2024,0,0,5,53450.0,7.645397699428633
134.68,5,1981,43,3,0,106130.0,11.572429459117961
100.19,29,2015,9,2,0,37500.0,10.53212287826962
138.24,37,2015,9,2,1,89398.0,11.400864775416718
105.74,32,1996,28,4,1,52736.0,7.756623334538858
85.04,42,2018,6,0,4,42501.0,8.19478163844336
90.21,43,2019,5,0,9,65146.0,7.826842098158293
147.46,33,2004,20,2,10,22419.0,7.61085279039525
92.05,42,2000,24,2,10,25816.0,7.6290038896529575
82.61,30,2002,22,1,2,22880.0,7.155396301896734
88.75,23,1989,35,3,9,22829.0,7.795646536334594
126.23,26,2014,10,3,6,74378.0,7.958227192322312
85.01,43,1992,32,0,2,18428.0,7.533158807455563
133.17,9,2000,24,0,4,94486.0,11.456217537881178
103.84,38,1994,30,0,4,54299.0,10.902279505922026
117.17,7,2014,10,3,10,139837.0,11.84823988872759
124.65,5,1987,37,2,8,33091.0,8.470520783217808
79.26,6,2007,17,0,1,56152.0,7.267525427828172
80.0,18,1999,25,4,7,77342.0,11.256005354168488
138.5,12,1997,27,3,6,53346.0,7.594381242551817
87.83,34,2015,9,0,3,146106.0,11.892094508979804
89.45,44,1998,26,0,10,114356.0,11.647080413143575
125.92,9,1981,43,4,5,62757.0,7.61972421378267
82.77,21,2006,18,0,3,138883.0,11.84139433132273
58.49,29,2000,24,0,1,51873.0,8.198089248956116
133.37,20,1983,41,4,6,38844.0,10.567334647384522
134.68,28,2019,5,0,3,41020.0,10.621839409681249
97.43,22,2003,21,1,5,53127.0,10.88045937522055
140.74,34,2019,5,4,1,148602.0,11.909033599487316
126.28,35,1985,39,1,2,135458.0,11.816424290488582
104.03,12,1996,28,2,0,35665.0,10.481953133012459
69.54,26,2014,10,3,6,57557.0,7.658227526161352
96.48,6,1985,39,2,7,97455.0,11.487156273076266
66.04,9,2005,19,4,1,122279.0,11.71406877600477
78.87,33,2009,15,4,10,53581.0,10.888968469762906
144.44,15,1988,36,1,2,49936.0,7.685703061234547
149.01,6,1989,35,2,4,73129.0,11.199993958264997
81.83,24,2003,21,3,2,117834.0,11.677040619822195
83.47,33,1991,33,1,11,43193.0,10.673456875697358
82.17,36,2002,22,1,1,135748.0,11.818562871286545
124.65,15,2013,11,0,2,60518.0,8.19946419761216
53.11,26,1992,32,4,10,139807.0,11.848025331751163
102.28,6,1990,34,3,1,128205.0,11.761393624245608
129.58,17,2014,10,4,10,89017.0,11.396593875456082
103.85,43,2016,8,2,3,82339.0,11.318612295323895
116.39,6,1982,42,0,0,31721.0,8.324093761450404
51.61,12,1995,29,3,5,136066.0,11.82090269046629
116.6,17,1992,32,2,0,116340.0,11.66428081292377
93.7,30,1981,43,2,5,73825.0,8.404248432400102
139.33,26,2011,13,1,3,85055.0,11.351065142072917
52.68,23,1987,37,0,11,80733.0,11.29891507903724
95.89,16,1997,27,0,2,50331.0,8.023552392404348
63.83,2,1997,27,1,2,82492.0,11.320468720238088
53.74,20,2001,23,2,6,85023.0,11.35068884855954
67.57,9,2009,15,3,8,37260.0,8.488999457045455
101.43,3,2003,21,3,5,43840.0,8.232440158470336
104.35,5,2016,8,2,6,42225.0,8.11552088154677
141.81,14,1985,39,3,7,121937.0,11.711267997818362
143.81,29,1983,41,2,4,52529.0,10.869139713948007
136.4,31,2010,14,2,1,51749.0,7.371489295214277
82.19,33,1994,30,2,1,77793.0,11.261819586369898
58.65,26,1981,43,0,5,63429.0,7.595889917718538
128.45,23,1992,32,4,10,107007.0,11.58065887700432
66.98,32,2024,0,1,7,30676.0,7.537430036586509
84.13,19,1990,34,4,8,81594.0,11.309523264565035
114.0,28,1994,30,2,3,50527.0,10.830282917055369
117.3,5,2018,6,1,0,57197.0,7.71333788887187
101.57,40,1996,28,2,6,64587.0,11.075783914001512
116.15,42,1980,44,1,0,39025.0,7.204892510204673
113.54,20,2002,22,2,7,146725.0,11.89632218087443
84.76,9,1985,39,0,7,138501.0,11.838640044938481
104.1,3,2016,8,0,3,145133.0,11.885412732581187
120.45,15,2019,5,1,9,126377.0,11.747032694913413
64.5,18,2004,20,1,7,41244.0,7.405495663199472
99.69,9,2001,23,0,11,109236.0,11.60127511274258
114.17,9,2009,15,2,7,69541.0,8.17244681834278
128.04,5,2018,6,0,9,50234.0,10.824467273896415
130.21,2,2013,11,2,9,130253.0,11.77724166931681
137.91,4,2016,8,1,6,90825.0,11.416700867213212
135.01,12,1988,36,2,8,112233.0,11.628341256469355
67.55,12,1995,29,0,8,99214.0,11.505044491519353
125.55,41,2011,13,0,5,50316.0,10.8260982711551
144.32,25,1995,29,1,3,68579.0,11.13575622601691
74.53,35,2010,14,3,9,36893.0,10.515804215181525
81.89,32,2009,15,2,11,138481.0,11.838495632264573
57.19,24,1981,43,2,11,145304.0,11.886590260528594
122.76,1,2020,4,4,7,77077.0,11.25257317512369
113.15,43,1990,34,0,5,29226.0,8.103796712981794
71.73,3,1983,41,4,11,134491.0,11.80925999670115
121.7,36,2000,24,3,4,133097.0,11.798840977974288
99.96,25,2015,9,2,1,109467.0,11.603387548086088
87.54,36,1995,29,4,3,42716.0,7.087573705557973
53.99,3,1986,38,3,11,116308.0,11.664005721583116
147.92,9,1985,39,4,4,43710.0,8.321421586897879
83.34,8,1995,29,4,1,41176.0,10.62563512702953
83.03,42,2007,17,2,6,33153.0,7.577633832602728
120.67,42,2000,24,1,7,98455.0,11.497365026852172
91.85,10,1988,36,2,11,23164.0,7.9247959139564355
114.79,43,2003,21,3,7,128780.0,11.765868566242954
101.04,17,1983,41,3,6,99572.0,11.50864632248534
117.25,7,2022,2,0,1,108677.0,11.596144660720972
71.01,16,1980,44,0,8,64577.0,11.075629074492353
92.28,13,2019,5,0,2,19409.0,7.064759027791802
141.71,11,2020,4,0,11,16292.0,7.410347097821024
51.63,34,2012,12,0,6,147096.0,11.898847512091963
101.26,13,2014,10,4,4,113736.0,11.641644044567801
120.38,42,2020,4,3,11,36283.0,10.499132151734834
129.47,13,1986,38,2,1,29703.0,8.300031711779575
60.72,27,1999,25,4,1,70639.0,8.492900498847193
73.79,45,1983,41,2,9,146308.0,11.893476102546035
88.06,29,2023,1,4,6,42719.0,10.662422473634077
86.7,28,1998,26,3,4,69014.0,11.14207915125768
68.99,10,1993,31,2,9,59643.0,7.622663951323595
103.7,2,2003,21,4,11,129838.0,11.774050500371999
131.68,5,2010,14,0,3,38267.0,10.552369316798059
79.61,41,2017,7,4,7,34352.0,8.483222671845084
52.61,43,2017,7,3,2,47745.0,8.367764677924308
107.0,14,2007,17,0,7,73554.0,11.205788704684313
126.73,3,2017,7,2,11,33068.0,10.406351566631425
67.64,43,2015,9,3,8,109873.0,11.607089533694639
113.49,1,1994,30,3,0,35869.0,10.487656570526328
52.89,10,1988,36,4,3,117734.0,11.676191615229024
96.76,23,1984,40,0,1,48708.0,10.793619096924486
135.62,19,1988,36,1,0,61141.0,11.02095430671877
129.27,6,1982,42,2,1,106801.0,11.57873193192465
72.46,3,1985,39,1,9,34414.0,7.166265974133638
56.91,43,1985,39,4,9,40289.0,8.035926369891792
60.35,44,1980,44,2,1,23844.0,6.951772164398911
114.68,1,1981,43,4,11,51352.0,8.312135107648412
113.54,30,2018,6,4,4,97876.0,11.49146686731166
112.3,31,2002,22,2,8,31298.0,6.9650803456014065
71.89,3,2022,2,2,10,41741.0,7.550661243105336
73.54,29,2008,16,2,10,106464.0,11.575571571620499
59.35,28,1996,28,2,9,65442.0,11.08893481374663
116.19,27,1980,44,1,6,76135.0,11.24027649375218
138.83,29,1996,28,4,10,48889.0,10.797328155572691
131.55,5,2024,0,0,4,82208.0,11.317020064101877
101.3,8,2007,17,2,8,137174.0,11.829012761927176
69.03,29,1998,26,2,3,119108.0,11.687794319238998
132.34,37,1985,39,1,3,43609.0,10.683041760836812
58.54,11,2013,11,4,9,69780.0,7.855932199718614
56.72,32,2008,16,4,4,56302.0,8.348301054933943
146.78,25,2016,8,1,8,86503.0,11.367945934625373
127.54,8,2008,16,1,11,115029.0,11.652948242890057
70.47,5,1997,27,0,5,47112.0,10.760304250413741
121.16,32,2018,6,4,3,36648.0,7.644440761556566
132.72,18,2003,21,2,0,47995.0,8.252185436003328
92.75,8,2002,22,0,7,126538.0,11.748305840030168
80.8,30,1984,40,4,7,63735.0,11.062504831060203
124.27,33,2019,5,0,4,21577.0,7.257002707092073
62.47,40,2003,21,0,4,63180.0,11.053758902024423
109.82,4,2019,5,1,3,59286.0,7.563719668414366
147.57,19,2017,7,0,3,148954.0,11.91139952588954
122.1,30,2012,12,4,4,39673.0,7.322510433997394
54.38,30,2022,2,4,8,81980.0,11.314242792081028
112.37,21,2013,11,4,8,75919.0,11.23743543328381
69.38,3,2005,19,2,11,34277.0,10.442259027952517
146.88,43,2015,9,3,3,83874.0,11.337082874273984
110.52,12,1994,30,4,9,32544.0,7.742835955430749
112.52,15,1997,27,2,9,36087.0,10.493715679088233
80.18,2,1994,30,3,7,138099.0,11.835733339397384
106.48,34,1988,36,4,8,66038.0,11.098000755581442
142.85,4,1994,30,3,5,135956.0,11.820093938253283
72.76,22,1986,38,0,5,106524.0,11.576134978368113
123.95,43,1997,27,1,8,147013.0,11.898283099321253
60.93,31,2012,12,3,0,45197.0,7.15305163493748
102.81,36,1982,42,3,4,21488.0,7.358193752733032
115.77,4,2018,6,4,4,65590.0,11.091193770398117
116.59,31,2012,12,4,6,16739.0,7.3901814282264295
140.44,8,1982,42,2,6,59001.0,7.952263308657046
110.28,2,1991,33,0,10,18395.0,8.406485069431817
83.96,6,2019,5,4,8,101563.0,11.528444420627899
148.66,23,2005,19,4,11,76622.0,11.246652571755947
144.13,31,2015,9,2,4,68867.0,8.473868066677865
87.2,29,2000,24,0,2,78650.0,11.272775622963763
105.91,21,2007,17,0,1,43832.0,10.688142237340195
98.14,7,1996,28,2,11,59978.0,11.001749779939942
85.65,5,1997,27,2,5,31111.0,8.230044310126114
126.38,26,1998,26,0,10,70147.0,11.158362574789184
80.04,40,1989,35,3,11,39823.0,7.076653815443951
77.39,2,1987,37,3,2,69491.0,8.345692873253865
67.3,44,1992,32,4,4,133493.0,11.801811811992213
68.76,33,2019,5,1,8,46216.0,10.741102974755142
122.74,7,2019,5,0,6,90118.0,11.408886298168593
121.77,19,1982,42,3,9,70360.0,11.161394411371303
84.57,33,2019,5,0,10,125605.0,11.74090530257589
96.44,25,1987,37,2,10,121032.0,11.703818514668283
104.66,12,2008,16,0,7,85319.0,11.354164172585287
130.06,24,2019,5,3,1,96749.0,11.479885610892028
51.11,31,2010,14,4,5,71894.0,11.182962000261842
148.64,35,1981,43,3,7,138030.0,11.835233576593236
146.24,30,2012,12,2,1,70879.0,11.168743585278962
77.24,39,2014,10,0,0,96045.0,11.472582522352951
79.08,25,1982,42,0,4,42939.0,7.414572881350589
102.06,9,1991,33,1,0,45115.0,7.086737934510577
84.1,23,1988,36,4,7,41243.0,7.247080584585756
65.52,13,2006,18,0,10,24531.0,8.266678443305896
86.14,30,2020,4,4,11,31144.0,10.346408997688245
97.22,1,1984,40,1,6,95089.0,11.46257909053349
74.02,18,1999,25,0,11,61573.0,8.087640287778983
132.24,32,1981,43,3,1,60433.0,7.860956364876389
75.81,19,2006,18,1,2,92158.0,11.431270625176404
97.58,45,1987,37,2,1,130511.0,11.779220455540361
147.89,36,2004,20,0,0,49080.0,10.801227273515408
127.99,18,1980,44,4,11,99089.0,11.503783807052946
75.32,17,2019,5,1,3,18919.0,8.517193191416238
64.65,21,1980,44,2,4,80297.0,11.29349999302443
136.93,32,1994,30,4,8,34575.0,10.450915078746668
142.43,36,2023,1,3,1,39977.0,8.504715669905124
106.95,31,1984,40,1,11,50746.0,10.834607781856281
85.77,31,2011,13,0,4,73812.0,11.209290146837182
106.37,13,1985,39,3,2,109507.0,11.603752884930717
129.72,1,2012,12,3,1,52201.0,10.862876087313007
96.09,17,1989,35,4,8,52416.0,7.998671361015776
127.58,2,1986,38,3,5,58861.0,6.92951677076365
136.29,37,1990,34,1,5,138027.0,11.83521184210894
142.48,40,2002,22,0,5,48124.0,7.498315870766981
76.08,22,2005,19,4,5,95503.0,11.46692341040843
91.67,4,1995,29,4,11,63256.0,11.054961072402838
59.4,40,2014,10,4,8,60623.0,8.290041618704489
130.39,42,2007,17,1,4,113739.0,11.641670420860791
105.61,37,1986,38,2,2,44574.0,8.024534871605695
130.3,34,1997,27,4,0,143161.0,11.871732135165166
59.51,41,1986,38,0,10,63991.0,11.066513354528658
81.44,40,2017,7,0,3,62461.0,8.065265208897733
99.9,11,1995,29,4,11,63940.0,7.340186835320115
87.07,8,2018,6,0,5,69686.0,6.953684210870537
125.31,45,2003,21,1,9,149407.0,11.914436097770663
129.72,29,2006,18,2,4,23126.0,8.494333897270154
69.79,6,2017,7,4,7,118492.0,11.682609166082562
141.51,38,2018,6,2,10,141684.0,11.86136156263017
135.63,27,1986,38,3,0,53583.0,10.889005795033986
82.65,29,1982,42,4,11,57225.0,10.954763619547943
108.75,20,2015,9,3,0,38078.0,8.459352191726387
54.77,25,1992,32,1,7,58266.0,8.358666283188
123.17,13,2000,24,1,1,45250.0,7.359467638255621
56.16,8,1996,28,4,6,123935.0,11.72752058231448
113.15,42,1987,37,0,4,57499.0,10.959540226785442
89.17,24,1994,30,0,3,45947.0,10.735265601265295
65.92,12,2004,20,1,10,72170.0,11.186793582143249
99.23,39,2002,22,0,4,146054.0,11.891738542080967
72.34,35,2001,23,3,7,108063.0,11.590478923185294
72.6,45,2012,12,3,3,58679.0,10.979854232256917
138.86,10,2023,1,0,3,71436.0,11.176571221387563
122.0,43,1986,38,3,8,49428.0,8.250358951477294
65.49,43,1997,27,1,7,14225.0,7.593877844605118
55.6,1,2014,10,1,10,147021.0,11.898337514426899
131.47,40,2015,9,3,7,101139.0,11.524260974633973
78.34,13,2000,24,2,9,17444.0,7.025538314638521
126.22,6,1986,38,2,0,52578.0,7.88570539124302
120.2,25,1995,29,3,4,46543.0,10.748153380734983
96.5,32,1983,41,1,0,102156.0,11.534266124574378
104.83,20,2005,19,1,7,128657.0,11.764912999997286
91.73,5,2023,1,3,4,88325.0,11.388789793986069
127.53,20,2024,0,4,8,37554.0,10.533561804120112
119.05,38,2023,1,2,0,72058.0,11.18524050688134
66.68,19,2018,6,2,6,28901.0,8.394347361417392
113.01,10,2012,12,2,3,60749.0,7.795646536334594
54.76,3,2011,13,4,5,30706.0,10.332245920613584
141.91,12,1996,28,2,9,97568.0,11.48831509899751
122.73,26,2012,12,0,10,91098.0,11.419702106239395
128.65,26,2006,18,1,6,120502.0,11.6994299278685
85.14,21,2013,11,3,5,112003.0,11.626289863925207
114.37,19,1993,31,0,8,136474.0,11.823896726649958
65.6,29,1989,35,1,6,75107.0,11.226682356712702
127.31,43,2010,14,1,1,35568.0,10.479229750968448
64.08,2,1994,30,2,6,110680.0,11.614407468916063
59.27,33,2017,7,4,9,52256.0,8.298290634359283
82.44,35,1988,36,2,10,22633.0,8.441175704992322
128.48,1,2010,14,3,8,66798.0,7.472500744737558
56.38,23,2009,15,0,10,76988.0,11.25141783348791
81.77,25,1980,44,4,3,45270.0,10.720421929870149
111.72,38,1994,30,4,2,47513.0,8.043663352393944
84.81,20,2002,22,0,1,66080.0,11.098636541252267
129.7,45,2005,19,1,9,32556.0,8.094683648698815
111.76,25,2021,3,2,4,145509.0,11.888000091754325
63.58,1,1986,38,3,6,125958.0,11.743711736155184
131.66,1,2023,1,4,1,97565.0,11.488284351053778
141.77,32,1985,39,1,3,70410.0,7.1631723908466425
91.82,5,1987,37,3,1,137881.0,11.834153525892585
132.27,24,1996,28,2,0,138435.0,11.838163403948444
107.35,9,1981,43,4,7,56322.0,10.93885825645874
93.85,9,1987,37,2,10,81318.0,11.306134970568788
128.6,23,1999,25,0,4,39824.0,7.552237287560802
114.64,29,2013,11,0,3,48941.0,8.248529124800218
146.93,22,2023,1,2,4,119282.0,11.689254100027775
82.56,10,2020,4,0,7,89030.0,11.396739902673568
128.04,38,2017,7,2,0,126553.0,11.748424373533801
121.87,17,2001,23,0,7,149186.0,11.912955831588347
59.5,36,2006,18,1,7,110437.0,11.612209556499455
124.02,32,2002,22,4,8,120079.0,11.695913466307344
113.12,41,2011,13,3,4,60005.0,7.563200592358071
129.3,35,1989,35,1,3,125179.0,11.737507980478693
83.21,16,1996,28,0,2,89645.0,11.40362386007914
98.97,38,2003,21,1,10,101235.0,11.525209703803448
88.8,22,1980,44,2,0,51416.0,8.43750042250699
80.06,11,1985,39,4,3,24526.0,7.454141078146678
137.51,42,1995,29,2,4,69985.0,11.15605050102883
130.6,24,1984,40,4,3,135589.0,11.817390905456355
65.54,34,1987,37,3,7,148665.0,11.909457458019105
139.79,7,2005,19,0,0,66829.0,11.109907360505115
99.26,20,1996,28,4,0,62837.0,7.950854857719988
132.9,9,2000,24,4,2,137935.0,11.834545088449707
128.33,8,1998,26,2,3,37626.0,10.535477156784617
138.08,9,1994,30,2,9,114265.0,11.646284342714916
85.15,32,2018,6,3,10,68321.0,7.938088726896952
136.18,16,2010,14,0,6,37870.0,10.541940926673426
60.31,34,1994,30,0,10,35539.0,10.478414101708642
135.27,30,1983,41,2,6,135201.0,11.814525235380994
132.4,3,2019,5,4,10,48569.0,8.146129510025405
121.99,31,1999,25,3,2,85707.0,11.358701449120616
106.06,17,2001,23,3,0,81113.0,11.30361085159246
99.57,29,1999,25,2,5,44182.0,10.696095378697706
114.29,40,2012,12,3,1,123849.0,11.726826434917506
133.02,45,2015,9,0,6,52874.0,10.87568591634858
119.11,14,2003,21,1,3,67839.0,11.124907270465785
113.92,6,2006,18,3,0,141289.0,11.858569794759854
57.77,11,2007,17,1,7,123217.0,11.721710423305526
72.6,9,2022,2,4,5,62401.0,11.041352605125939
129.11,6,2019,5,1,11,104010.0,11.552251941761108
60.59,40,2002,22,2,5,50331.0,8.235360643753348
120.72,18,2016,8,3,8,46655.0,8.075893630298857
78.19,44,1993,31,3,9,132894.0,11.797314621721217
59.03,38,1987,37,0,6,77606.0,11.259412908288544
86.39,39,1983,41,2,7,117649.0,11.675469394155508
51.25,12,1984,40,3,6,52096.0,10.86086264450968
149.32,24,2005,19,2,9,64477.0,11.074079359329735
114.14,16,1980,44,0,0,45948.0,10.735287364761383
119.87,44,2002,22,2,6,124930.0,11.735516863876349
129.4,42,2015,9,2,8,45467.0,10.724764060806601
78.74,24,2000,24,0,7,33807.0,7.249925536717988
65.21,18,1994,30,4,10,40420.0,8.149312843635345
122.6,21,2024,0,3,2,35981.0,10.490774092396565
111.99,44,2009,15,0,0,19147.0,7.858640655620791
63.56,11,1999,25,1,10,63590.0,11.060227229880846
83.43,6,1995,29,2,7,96307.0,11.47530666806372
142.71,13,1988,36,2,5,69795.0,11.153331980518121
122.13,20,1993,31,1,4,72919.0,11.197118228792599
132.88,33,1999,25,1,2,20422.0,7.288244401020124
112.32,11,1990,34,4,2,75993.0,11.23840966878354
117.49,21,2003,21,0,0,69024.0,11.142224036798355
58.58,45,2010,14,4,10,19122.0,7.750614732770409
107.91,45,1994,30,2,8,64569.0,8.373322820996535
132.06,13,2004,20,1,8,146715.0,11.896254024305133
70.94,30,2022,2,4,5,35532.0,7.88344635413774
70.89,18,1993,31,2,10,66164.0,11.09990690120715
92.16,32,1997,27,0,4,49187.0,8.116118431609365
71.2,11,1996,28,4,1,99646.0,11.509389219818974
75.59,42,1987,37,1,6,74238.0,7.908019444632471
136.33,39,1998,26,1,4,19702.0,8.430109084509125
97.51,28,1986,38,2,2,58478.0,10.976422994414255
131.88,38,2000,24,1,7,23802.0,6.910750787961936
138.74,1,1984,40,1,2,31226.0,7.5740450053721995
115.15,17,2008,16,3,8,84867.0,11.348852387233007
107.07,6,1984,40,3,5,52761.0,8.178077463849608
120.5,15,2018,6,0,7,58030.0,8.359603270841466
107.05,23,1990,34,3,6,36371.0,10.501554526845803
82.6,43,1988,36,4,11,20049.0,7.736307096548285
105.72,19,1993,31,1,8,128255.0,11.761783545564427
111.98,7,1999,25,0,8,72773.0,11.195114027536935
60.63,9,1989,35,3,1,40736.0,10.614892049366905
88.76,27,2021,3,1,5,124669.0,11.73342552533902
67.66,21,2011,13,0,10,93145.0,11.441923433615505
65.31,23,1985,39,1,4,136851.0,11.826655328903502
123.08,1,1989,35,2,10,114105.0,11.644883119918958
146.85,5,1992,32,3,10,105285.0,11.564435735816685
92.67,26,1992,32,2,4,69003.0,7.92443418488756
66.57,5,2002,22,3,0,93729.0,11.44817358774053
63.82,44,1988,36,0,10,113114.0,11.636160279304857
68.6,7,2020,4,2,7,141434.0,11.859595526567887
124.82,43,2009,15,0,3,66890.0,11.11081970791848
76.37,43,2011,13,2,3,66225.0,7.418180822726788
62.56,27,2008,16,2,2,18368.0,7.500529485395295
87.0,14,1993,31,4,10,137188.0,11.829114816132627
135.27,43,2005,19,2,0,58946.0,10.984394014085305
53.15,33,2001,23,3,2,107835.0,11.58836683347008
61.11,39,2016,8,4,9,111524.0,11.622004059996465
80.97,9,2014,10,4,10,30816.0,8.496378051702317
56.64,9,1996,28,2,7,81513.0,11.308530063617711
58.56,25,2018,6,0,2,63071.0,11.052032209952447
147.6,25,2000,24,4,11,48587.0,7.488852955733459
141.91,27,2007,17,0,4,82008.0,11.314584276321192
110.63,27,2020,4,4,4,57205.0,8.275376374836407
76.12,3,2018,6,0,7,106749.0,11.578244931090872
92.86,13,2007,17,4,6,145901.0,11.890690442436114
140.76,8,2019,5,1,9,92122.0,11.43087991962233
116.01,33,1999,25,2,5,69643.0,11.151151830486489
56.67,4,2018,6,1,3,15503.0,8.090708716083997
85.73,39,2018,6,4,5,131629.0,11.787750235419454
98.7,17,1998,26,1,5,102423.0,11.536876339126016
85.27,42,1990,34,4,3,47677.0,7.516433302915632
114.23,7,2019,5,2,0,33234.0,10.411358816475682
138.78,15,1996,28,4,7,66454.0,11.104280305855433
87.2,23,2001,23,0,8,148910.0,11.91110409102742
115.56,17,2013,11,1,9,97135.0,11.483867337370215
85.57,36,2016,8,0,1,52032.0,8.360071435644025
119.44,11,1986,38,2,10,105016.0,11.561877520796404
98.33,31,2022,2,3,9,135925.0,11.819865898985404
63.45,7,2008,16,3,3,69985.0,7.842278779117352
128.78,9,1989,35,0,0,63656.0,7.589335823170617
119.51,15,2002,22,4,9,52111.0,10.861150527516015
88.57,33,1989,35,0,11,135840.0,11.819240363119963
102.44,26,2010,14,1,4,57042.0,10.951560648375533
141.54,4,1981,43,3,9,144751.0,11.882777212265523
88.94,9,2009,15,0,7,57964.0,10.967594659104503
79.47,25,2006,18,0,7,44954.0,8.272570608424903
71.41,3,1989,35,2,0,47475.0,7.86172707782398
131.26,9,1991,33,3,6,68666.0,8.260234291607297
105.17,32,1980,44,3,3,64357.0,11.072216525421487
82.24,25,2015,9,1,9,54258.0,10.901524156260564
74.42,41,2003,21,2,1,139523.0,11.84599190845661
58.11,18,2023,1,1,8,142702.0,11.868520826369384
128.04,6,1982,42,3,8,43143.0,10.672298637017063
65.89,36,1986,38,3,7,44720.0,8.493105395887147
137.54,6,2002,22,4,6,27267.0,8.404696160189092
113.37,7,1984,40,0,2,79613.0,11.284945235764491
78.95,40,2000,24,4,11,134377.0,11.808412003196247
83.67,13,1995,29,0,8,136951.0,11.827385778454614
118.82,24,2001,23,2,6,41633.0,7.829630389150193
131.17,11,1994,30,2,0,49231.0,7.294377299288821
57.41,37,1980,44,1,11,54222.0,10.900860451658483
88.69,18,1980,44,2,5,58625.0,10.978933563172399
112.65,44,2012,12,1,1,70311.0,8.18646442942209
99.13,19,2009,15,0,2,29350.0,8.33110454805304
67.7,1,2021,3,4,2,62435.0,11.041897311078303
120.7,42,1991,33,2,8,41203.0,10.626290618003583
68.29,41,2001,23,1,1,17424.0,8.348774539791274
57.41,26,1988,36,3,2,101191.0,11.524774981327377
133.94,29,1994,30,3,2,63553.0,11.059645217201709
116.37,13,1993,31,1,5,140585.0,11.853574680143488
75.61,9,1999,25,3,4,73402.0,11.203720085701978
113.86,3,2016,8,3,8,19095.0,7.738923757439457
79.67,7,2014,10,4,5,136487.0,11.823991977654746
120.23,5,2017,7,3,1,41184.0,10.62582939137535
84.34,45,1993,31,0,5,69377.0,7.569411792450712
61.74,32,1985,39,3,6,44013.0,10.692263044109481
114.75,27,2020,4,0,8,108969.0,11.598827893970931
88.66,25,2002,22,3,3,115742.0,11.659127494957797
106.14,37,2000,24,3,3,139430.0,11.84532513422101
143.54,16,2023,1,1,8,111261.0,11.619643059379998
106.91,7,2005,19,0,1,142978.0,11.870453045311212
69.02,7,2015,9,3,11,68360.0,8.361941906144946
73.46,14,1997,27,4,9,45884.0,8.264878262801748
147.04,37,2009,15,2,4,65473.0,8.414938957377482
146.67,32,1985,39,2,8,68283.0,11.131430757500643
80.64,32,2020,4,3,3,83130.0,11.3281729558044
85.98,20,2001,23,1,2,115610.0,11.65798638640274
90.99,22,2004,20,2,5,15872.0,7.796880342783522
107.33,3,1998,26,4,0,46764.0,10.752890338868651
68.75,7,2014,10,1,2,117926.0,11.677821067940805
118.31,45,2010,14,1,5,136806.0,11.826326452452111
115.65,10,1980,44,2,10,43340.0,10.676854348197491
64.51,42,2017,7,4,4,108514.0,11.594643691255087
65.47,23,2024,0,2,3,36800.0,7.601402334583733
132.73,12,2010,14,4,7,86726.0,11.370520532973021
122.4,15,1991,33,0,8,123898.0,11.727221996559642
118.58,21,2024,0,4,4,67709.0,11.12298915847969
76.56,25,2005,19,2,0,129988.0,11.77520511047302
112.55,16,1982,42,1,2,48156.0,10.78222178568365
97.72,17,2007,17,3,11,127576.0,11.756475382862003
78.71,17,1995,29,0,2,114367.0,11.6471765985191
122.38,42,2018,6,2,5,46974.0,10.757370824281667
121.2,3,2005,19,0,2,81882.0,11.313046678087913
59.56,4,1985,39,1,4,45903.0,10.734307538221145
109.56,3,1989,35,2,3,61920.0,11.033614658004002
131.72,2,1995,29,3,0,49361.0,8.294549515143679
58.47,41,2000,24,0,9,35221.0,7.3914152346753585
147.19,6,1980,44,1,11,61369.0,11.024676395383143
118.01,3,1982,42,3,11,34286.0,8.244596756382498
119.91,31,2022,2,4,11,119686.0,11.692635280802683
89.89,24,2003,21,1,5,127758.0,11.757900955682306
88.22,27,1996,28,0,3,39110.0,7.962415680121064
62.91,24,2005,19,1,7,98765.0,11.50050869495514
114.82,35,2010,14,0,0,32801.0,10.398244768123055
90.92,4,2000,24,2,1,45267.0,10.720355660085833
69.0,44,1995,29,2,6,94695.0,11.45842703963373
63.6,25,1989,35,1,3,94412.0,11.45543405451659
112.62,37,2001,23,0,1,40507.0,8.301025253838453
89.5,29,2012,12,3,3,45985.0,10.736092281321946
97.95,25,2023,1,1,10,40577.0,10.610981326802994
75.13,45,1988,36,4,4,130082.0,11.775927987246325
86.19,33,1999,25,2,11,62908.0,11.049444516713686
59.3,11,2007,17,1,7,55702.0,7.688455356549944
107.82,35,1998,26,4,0,66653.0,11.107270338809778
74.55,24,2012,12,1,8,41232.0,8.46653127661401
126.34,29,2018,6,2,11,66752.0,11.108754519072777
105.37,35,2014,10,0,10,73434.0,11.204155940187963
129.04,25,2023,1,0,1,75655.0,11.233952028695349
66.73,1,1996,28,1,3,33818.0,7.072421900537371
143.21,22,1998,26,2,6,69942.0,8.394573477868327
74.54,37,2006,18,1,3,97800.0,11.49069008091951
121.26,30,1995,29,2,10,110582.0,11.61352164920379
148.07,2,2003,21,4,0,56812.0,10.947520451761195
121.97,12,1984,40,0,0,40980.0,7.039660349862076
76.42,14,1990,34,2,4,100003.0,11.51296546417025
92.51,36,2013,11,2,7,125256.0,11.738122905608975
117.23,3,2013,11,3,3,54555.0,10.906982976046766
109.57,18,2001,23,3,0,65746.0,11.093569321622624
61.01,36,1982,42,1,11,128709.0,11.765317090643423
55.91,35,2009,15,2,4,27295.0,7.756195343948118
122.41,21,2018,6,3,5,57543.0,8.412721169819527
59.7,4,2021,3,4,4,98463.0,11.49744627812177
129.96,9,2004,20,4,2,21411.0,7.586803535162581
147.04,34,2018,6,3,1,140020.0,11.849547690342566
77.45,42,1988,36,2,1,57270.0,8.45765547870004
136.89,42,2007,17,4,2,100686.0,11.519771974047286
86.56,3,1997,27,4,1,61306.0,8.079308192051961
59.67,15,2012,12,0,9,32451.0,10.387517353514955
136.21,45,2015,9,0,7,47838.0,10.77559648539601
90.99,33,2009,15,3,3,74395.0,11.217157455935018
114.43,37,2020,4,4,3,114694.0,11.650031710188228
56.09,24,2021,3,4,10,106488.0,11.575796972412235
72.02,19,2005,19,2,4,108764.0,11.596944870473802
92.4,42,2020,4,0,5,128933.0,11.767055924510617
109.3,3,1998,26,3,6,66916.0,11.111208324448542
133.95,24,2017,7,0,6,53241.0,10.882602837543518
56.15,32,2003,21,1,2,104588.0,11.557793662559092
77.17,30,1983,41,0,10,30182.0,10.31503413096016
64.77,4,1989,35,2,6,61912.0,7.422373700986824
55.28,2,2018,6,3,0,35338.0,8.268475388982598
105.29,33,1996,28,3,4,139505.0,11.84586289007131
120.55,5,1990,34,3,1,69004.0,11.14193424472214
113.24,15,2019,5,1,0,32467.0,8.330381569349418
119.68,33,2000,24,1,1,143637.0,11.875051524544949
126.69,16,2009,15,1,4,97767.0,11.490352604117836
140.5,37,1992,32,3,11,38536.0,10.55937409773463
95.93,14,2021,3,1,2,71359.0,11.17549276725389
133.48,30,1982,42,4,10,67958.0,11.126659861139645
145.0,23,1984,40,1,2,91901.0,11.42847807089261
136.19,6,1981,43,3,11,133985.0,11.805490595862942
65.58,24,2007,17,0,3,135620.0,11.817619509754374
59.67,38,2010,14,4,5,14274.0,6.980075940561763
78.42,19,2003,21,2,5,105166.0,11.56330484186238
79.02,17,1983,41,3,11,31587.0,10.360532580617472
126.72,35,1985,39,2,4,59515.0,10.994000462947588
82.78,6,2024,0,2,1,61511.0,11.026987556712017
121.69,11,2004,20,1,1,40786.0,10.61611868216876
80.62,13,1984,40,0,7,34317.0,10.443425276845566
62.21,16,2008,16,2,3,53785.0,10.892768489237657
100.6,1,2018,6,0,6,53837.0,10.893734816526113
50.07,34,1994,30,4,2,34892.0,7.821242083523558
107.91,43,2008,16,3,7,61272.0,11.023094568124744
67.44,41,1982,42,4,10,31667.0,8.116118431609365
66.0,45,2002,22,3,7,51928.0,10.857632679961252
91.83,16,2006,18,4,9,147524.0,11.901752931925369
65.74,8,2012,12,1,2,36673.0,8.414938957377482
62.83,39,1986,38,1,11,70645.0,8.144969417087875
89.56,28,2003,21,4,10,105354.0,11.565090878950908
71.49,17,2007,17,2,0,81868.0,11.312875687809516
73.38,26,2006,18,1,9,31800.0,10.367253014814716
70.86,3,1987,37,4,6,31466.0,7.2909747781429814
142.3,19,1980,44,4,9,107706.0,11.587169856389847
56.3,22,2022,2,0,11,102575.0,11.538359266227038
136.07,31,2015,9,2,9,54261.0,8.19478163844336
98.6,9,1995,29,0,9,89952.0,11.407042590684664
107.75,24,1999,25,3,3,119262.0,11.689086417483972
66.32,24,2020,4,2,11,74657.0,11.220672964003686
78.7,2,1995,29,1,6,18918.0,8.41604600941128
70.63,34,2000,24,4,11,147511.0,11.901664807385
108.63,9,1997,27,0,1,79254.0,11.280425781231992
134.72,37,1986,38,1,9,124633.0,11.733136721306593
142.99,29,2018,6,2,2,22642.0,7.1569563646156364
111.29,44,2010,14,0,6,42544.0,8.489821994620105
100.77,1,1985,39,0,9,74509.0,11.218688623547774
104.64,12,2000,24,4,11,32761.0,10.397024586164576
144.9,14,2006,18,1,4,115658.0,11.65840148564336
89.1,22,2008,16,0,5,30882.0,7.3796321526095525
87.87,22,2010,14,4,6,108834.0,11.597588252848938
112.35,22,2024,0,2,3,31873.0,8.302513718514158
65.3,2,1985,39,3,4,44378.0,10.700521663560345
116.52,24,1992,32,4,8,74397.0,11.217184338739433
121.87,44,1986,38,2,9,67830.0,8.45765547870004
75.07,34,1994,30,0,2,81019.0,11.302451316756681
113.71,5,2001,23,2,2,62554.0,7.51479976048867
120.42,7,1994,30,0,11,100999.0,11.522875795823397
71.8,30,2000,24,4,9,83932.0,11.337774140510511
99.2,27,2010,14,1,0,79149.0,11.279100065309159
95.63,3,1982,42,0,7,74839.0,11.223107780388025
128.9,35,1997,27,3,4,60804.0,11.0154273014151
81.93,24,2022,2,4,6,124638.0,11.733176837965843
95.12,44,2012,12,3,0,114460.0,11.647989432601497
65.31,22,2007,17,4,0,37670.0,10.536645846657073
104.07,20,1989,35,0,3,69422.0,11.147973503693782
89.29,30,2008,16,3,0,144384.0,11.880238621928815
90.98,41,2000,24,3,0,132631.0,11.7953336549193
135.81,39,2021,3,1,3,123232.0,11.721832151357093
88.68,19,2023,1,1,10,36498.0,10.505040141934996
106.98,9,2016,8,2,0,47461.0,10.767684669851963
58.49,35,1983,41,0,5,84898.0,11.349217593667056
100.73,2,2004,20,0,2,104677.0,11.558644250615174
107.87,2,1988,36,3,11,55940.0,7.57095858316901
146.39,5,2010,14,0,4,101865.0,11.53141350308236
51.62,40,2012,12,1,4,137131.0,11.828699244588194
100.19,20,2013,11,0,10,35037.0,10.464188465795766
66.18,45,1982,42,0,3,70374.0,11.161593365441991
139.25,21,1989,35,2,9,123418.0,11.723340349427714
84.04,27,1982,42,0,4,35467.0,10.476386160499898
90.39,1,2011,13,4,1,72285.0,11.188385751775648
141.02,3,2008,16,1,4,70791.0,8.043020885298283
67.29,38,2024,0,1,9,59424.0,10.992470292228395
103.04,33,1992,32,1,7,70554.0,8.118207049405783
89.27,1,2023,1,4,11,68299.0,11.131665045558881
121.53,35,1998,26,3,7,44328.0,7.851271997109883
64.83,8,2010,14,0,7,63289.0,11.055482617769352
50.43,13,2001,23,3,0,61399.0,11.025165114135234
61.51,24,2018,6,3,11,136855.0,11.826684557132127
105.82,15,1983,41,3,2,45211.0,10.719117817310622
80.6,14,1990,34,0,5,126038.0,11.744346661850527
127.69,40,2022,2,2,8,29399.0,6.984716320118266
88.53,38,1988,36,1,5,72089.0,7.820037989458753
84.63,11,1984,40,1,9,30153.0,8.458292083496076
96.43,19,1985,39,4,7,23963.0,7.86480400332846
86.31,15,1983,41,3,11,66879.0,11.110655247758583
116.01,10,1983,41,0,9,40856.0,10.617833444237068
95.03,42,1986,38,1,0,33053.0,10.405897866700771
51.19,29,2011,13,4,4,127383.0,11.754961425536262
128.23,2,2008,16,2,9,34597.0,10.451551155906923
63.64,37,2005,19,2,2,133560.0,11.802313581301199
75.98,38,2024,0,2,0,124891.0,11.735204642821309
93.6,37,2015,9,0,6,83831.0,11.336570075154778
88.51,20,2012,12,3,7,51916.0,10.857401568506724
121.58,30,2018,6,4,10,93469.0,11.44539580817663
112.96,19,2000,24,4,7,21827.0,7.672292455628756
111.26,7,1986,38,4,10,35417.0,10.474975444468745
99.18,24,2022,2,4,11,25456.0,7.284134806195205
89.43,15,2007,17,0,8,30807.0,10.335529675494746
109.29,7,1989,35,3,8,69078.0,7.8628820346414905
68.76,31,1995,29,0,5,70591.0,11.164672102613174
63.65,38,1980,44,0,1,72031.0,8.05579245097777
112.83,16,2010,14,2,1,124851.0,11.734884314802681
85.8,32,2017,7,3,3,37323.0,8.084562415235304
51.63,35,2023,1,0,0,89616.0,11.403300313109012
143.68,6,1982,42,3,3,89188.0,11.398512992578112
89.44,14,2001,23,0,4,74666.0,8.481980435660493
103.63,3,2010,14,4,7,89804.0,11.405395932027561
59.44,44,2019,5,0,1,74043.0,8.222553638396958
127.62,33,1998,26,3,6,101068.0,11.523558730886982
116.66,45,1981,43,4,7,76963.0,11.251093059040906
146.85,39,2012,12,1,9,111488.0,11.621681210307095
82.44,24,2017,7,3,0,149926.0,11.917903787951069
66.2,3,1998,26,4,6,81246.0,11.305249176433387
71.62,41,2022,2,4,4,64398.0,7.713784616598755
102.72,23,2006,18,4,1,62064.0,11.035937501950048
70.51,28,2018,6,2,3,68698.0,11.137489922063743
80.31,7,2019,5,4,9,54588.0,8.395929103923198
133.78,31,2024,0,0,2,141648.0,11.861107445579666
88.8,34,1980,44,2,9,47180.0,8.227108234348146
147.14,35,2016,8,1,8,44708.0,8.44009614103127
66.69,21,2005,19,4,7,112998.0,11.635134248097797
72.82,3,1983,41,0,5,54550.0,10.906891322898874
54.4,44,2005,19,3,3,16327.0,8.190908881182514
122.93,44,2020,4,2,3,100599.0,11.518907536647776
76.37,36,2016,8,2,1,55356.0,10.921558398071735
142.0,6,2013,11,3,6,56241.0,8.493310250952906
122.92,39,1993,31,3,9,67739.0,7.986164860332727
99.83,24,1980,44,1,1,140159.0,11.85053990617022
133.19,15,2006,18,4,1,124789.0,11.7343876035019
65.61,23,2023,1,0,4,70245.0,8.460834457746854
91.11,40,2013,11,4,8,32537.0,7.839131648274333
107.58,32,1990,34,3,11,42485.0,10.656929888879828
114.99,9,1997,27,1,7,136496.0,11.824057915343653
72.68,31,2016,8,1,10,61282.0,11.023257758829763
63.99,10,1997,27,4,3,14122.0,7.246368080102461
123.38,7,1986,38,3,7,59087.0,10.986783137092344
130.21,23,1995,29,1,7,28080.0,7.427144133408616
93.6,19,1994,30,0,3,45513.0,8.164510268747042
69.6,3,1985,39,2,1,72776.0,11.195155250201163
107.12,17,1991,33,1,7,45632.0,10.728386417979852
137.57,6,1998,26,3,4,47063.0,10.759263656544292
92.76,14,2009,15,3,0,83839.0,11.336665499554869
134.31,4,2012,12,0,8,79716.0,11.286238141907653
112.86,9,2020,4,0,10,139230.0,11.84388970323766
90.95,9,2024,0,0,10,36870.0,7.5126175446745105
54.0,22,2001,23,4,3,69744.0,11.152601012526336
119.58,6,1980,44,0,7,34133.0,10.438049233978703
96.81,2,1994,30,1,1,31971.0,7.701652362642226
99.06,32,1997,27,2,5,68627.0,7.2640301428995295
84.33,40,2005,19,3,0,40236.0,7.3758821482150125
134.24,9,1987,37,3,8,38109.0,7.396335293800808
67.27,43,2006,18,2,10,36743.0,7.572502985020384
93.0,44,2024,0,3,5,41019.0,10.621815031626372
70.17,5,2006,18,4,0,103947.0,11.551646053081827
90.81,27,1998,26,3,10,99854.0,11.511474412702913
107.97,11,1985,39,2,8,78714.0,11.27358901344873
73.77,18,2023,1,2,9,18044.0,8.381373468273702
134.13,44,1987,37,2,3,98831.0,11.50117671793568
71.16,43,2005,19,0,0,51912.0,8.440959885416648
60.77,20,2008,16,3,4,13562.0,7.354362330421477
130.8,4,1992,32,2,4,66006.0,8.19063168090354
98.3,45,2013,11,1,11,63438.0,11.057834093258894
51.67,33,1982,42,0,6,22074.0,7.085901464365611
131.64,13,1987,37,3,0,47585.0,10.770293879311374
142.7,7,2000,24,1,3,18691.0,8.036573409707312
50.86,33,2012,12,2,0,46712.0,7.014814351275545
136.44,24,1995,29,4,11,144372.0,11.880155507348391
112.52,40,2010,14,2,9,73143.0,11.200185379844262
75.06,34,2004,20,1,0,107704.0,11.5871512873222
139.05,9,2005,19,1,10,38089.0,10.54770705947265
115.88,22,2016,8,1,7,143310.0,11.872772372907892
114.16,13,1998,26,3,6,67940.0,11.126394960475844
119.7,8,2020,4,0,5,66136.0,11.09948362717625
102.78,26,2016,8,2,5,64166.0,8.27563105457801
56.54,40,2008,16,2,8,144238.0,11.879226924963538
88.31,15,2006,18,2,0,131827.0,11.789253321583304
85.46,25,2015,9,0,11,84990.0,11.35030064751358
147.85,9,2011,13,2,2,46458.0,10.746325482201238
93.35,26,1985,39,0,4,119688.0,11.692651990915644
113.15,44,1988,36,1,11,34340.0,8.429672593886743
121.1,19,2004,20,0,0,140618.0,11.853809384363906
96.43,35,2015,9,0,0,132689.0,11.795770859530482
115.36,38,1989,35,1,10,123302.0,11.722400019756687
141.06,3,2014,10,4,9,64413.0,8.147288258706624
104.67,38,1980,44,2,3,51367.0,7.881559917056899
141.4,2,1997,27,1,1,64928.0,6.9930151229329605
142.72,28,2023,1,0,5,49796.0,10.815710020234329
147.86,35,2024,0,0,4,25048.0,8.145839612936841
132.56,8,2024,0,0,8,122295.0,11.71419961468087
90.25,15,1998,26,1,3,74924.0,11.224242892184863
108.83,37,2022,2,2,9,45088.0,10.716393593302708
77.78,6,2023,1,0,2,49747.0,6.93537044601511
129.37,40,1981,43,4,9,44188.0,8.054840221101024
84.01,7,2015,9,0,8,111259.0,11.619625083629284
52.57,33,1998,26,3,8,88928.0,11.395593577531182
100.92,30,1988,36,2,5,33306.0,10.413522864087675
92.06,6,1989,35,2,1,132846.0,11.796953369073746
135.25,40,2002,22,0,6,75517.0,11.232126317417853
71.64,15,2013,11,3,6,63858.0,11.064432806891546
115.29,37,1997,27,0,5,20111.0,8.466320861042481
59.4,12,2012,12,4,2,74632.0,11.220338047629173
123.1,2,1986,38,1,6,19851.0,7.754481547470383
129.26,23,2019,5,4,5,120611.0,11.70033406081274
141.19,31,2024,0,2,7,126532.0,11.74825842269438
110.82,13,2001,23,4,10,43470.0,10.679849328089071
68.73,12,1996,28,4,2,143906.0,11.87692253658462
112.69,2,2018,6,1,10,81309.0,11.306024289201883
142.08,11,2012,12,3,0,70512.0,8.51579221050061
131.4,18,2008,16,3,2,71487.0,8.41803561988302
66.61,19,2023,1,3,8,24519.0,7.299797366758161
100.93,13,2023,1,2,4,43999.0,7.473069088032197
86.07,41,2002,22,3,9,130497.0,11.779113179956948
138.86,34,1993,31,3,3,122663.0,11.717204189116226
129.53,15,1980,44,3,8,109554.0,11.60418198524178
50.68,14,1981,43,4,7,34249.0,7.940939762327791
133.04,19,2004,20,3,4,30498.0,10.325449175172755
95.15,15,2019,5,2,4,86732.0,11.370589713187506
97.3,16,1992,32,3,4,40509.0,10.609304136196736
50.85,40,1999,25,1,2,86575.0,11.368777919882517
103.36,32,1997,27,4,7,73664.0,8.11522197256233
105.2,3,1992,32,3,10,142101.0,11.864300388581501
92.43,37,2011,13,2,10,22153.0,7.469654172932128
109.73,19,1995,29,4,11,40393.0,7.597897950521784
62.62,19,1991,33,2,3,110801.0,11.615500103673927
73.11,27,1990,34,3,9,18060.0,8.064950891749143
52.2,2,2024,0,1,11,69165.0,11.144264691384112
57.46,16,2015,9,2,5,71681.0,7.7501841622578365
113.42,45,2008,16,4,3,140243.0,11.851139041721158
79.38,8,2015,9,4,6,129820.0,11.77391185753114
78.82,26,1999,25,1,9,54740.0,10.910368250604645
140.22,28,1987,37,0,8,142159.0,11.864708462828533
128.34,38,2023,1,0,0,14564.0,7.84971375760487
69.89,35,1994,30,2,3,31075.0,7.349873704738337
71.46,20,2008,16,0,0,42658.0,10.66099355058791
77.65,1,2018,6,3,5,110397.0,11.611847296719008
141.4,21,2000,24,2,11,88062.0,11.385807746410581
76.96,17,2007,17,3,3,134042.0,11.80591592297948
82.94,38,1990,34,4,4,131228.0,11.784699167652505
113.11,33,1994,30,2,6,75808.0,11.235972298091433
135.38,14,2016,8,2,5,38671.0,8.261526448396468
109.14,45,1986,38,1,2,36112.0,10.494408190299962
104.14,14,1981,43,3,4,46713.0,7.21081845347222
77.7,31,1995,29,1,8,96156.0,11.473737551279038
107.83,21,2008,16,4,11,49650.0,10.8127738102574
85.16,1,2011,13,4,0,132227.0,11.792282984275777
74.34,4,2009,15,3,0,50579.0,10.831311520223956
103.52,24,1985,39,0,11,40055.0,10.59803375400978
74.32,21,2016,8,0,3,29000.0,8.177796683277778
144.16,10,1998,26,4,3,125556.0,11.740515117710908
54.94,14,2018,6,1,9,47628.0,10.771197098403393
79.94,17,2010,14,3,9,43720.0,7.979681302387741
127.72,26,2010,14,2,5,41914.0,10.643399037071958
64.75,22,2002,22,0,0,130266.0,11.777341469333015
87.82,19,2015,9,2,0,14535.0,7.197435354096591
113.51,20,2001,23,2,7,36280.0,10.499049467245019
123.31,32,2003,21,2,3,108716.0,11.596503454625324
126.91,9,2023,1,2,6,97455.0,11.487156273076266
121.04,19,2017,7,4,5,42831.0,8.499436469826978
79.9,12,2000,24,0,5,54308.0,8.44009614103127
79.91,30,1999,25,1,1,32474.0,7.991253929840199
112.33,4,1996,28,2,6,68971.0,11.141455904120022
76.02,11,2007,17,3,7,51189.0,10.843299479451629
116.93,26,2015,9,1,7,72475.0,7.6760099320288875
139.55,3,1994,30,1,5,121599.0,11.708492248514204
76.56,16,2022,2,2,10,71039.0,11.170998377666052
147.38,10,1981,43,2,7,69092.0,11.143208702164118
133.31,17,2017,7,3,1,62417.0,7.284820912568604
124.69,13,2006,18,4,7,77014.0,11.251755487058558
125.41,9,2016,8,4,8,143222.0,11.87215813513669
105.19,44,2004,20,3,0,127275.0,11.754113235742224
135.85,37,1980,44,2,6,62215.0,11.038367480374779
51.8,16,2002,22,1,6,78620.0,11.27239411830478
126.66,9,2009,15,0,10,59963.0,11.001499661132206
130.55,18,2018,6,4,7,90570.0,11.413889352491656
82.37,36,1988,36,2,6,30619.0,10.329408669211675
96.44,16,2019,5,4,6,46313.0,7.085064293952548
134.33,20,1987,37,2,5,121129.0,11.704619628010848
50.9,12,2002,22,1,9,66640.0,8.459775920546287
72.16,23,2013,11,2,7,32040.0,8.221747728346623
93.58,26,1981,43,4,2,146346.0,11.893735793105693
57.84,32,1997,27,2,7,74637.0,8.044947049617722
138.27,39,2008,16,1,4,79736.0,11.286488997955225
107.4,41,2021,3,1,8,13632.0,7.050122520269059
146.17,38,2009,15,1,9,64277.0,11.070972705490613
92.52,12,2005,19,3,7,143340.0,11.872981685943277
75.37,16,2020,4,0,7,149192.0,11.912996048761086
79.7,30,2012,12,3,0,77652.0,11.260005462730717
125.94,24,2017,7,1,1,68714.0,8.388222810119277
122.34,44,1985,39,4,6,141255.0,11.858329125982634
63.4,44,2007,17,4,7,53408.0,10.885734550072973
99.01,15,2007,17,0,0,43190.0,10.673387419194466
138.95,38,1994,30,0,5,41089.0,7.1308988302963465
141.85,24,2007,17,3,5,37307.0,10.526963059846754
117.25,24,1996,28,1,4,66575.0,8.496173824192162
140.74,39,2015,9,0,8,40798.0,10.616412850287961
148.14,11,1995,29,3,8,108746.0,11.596779362363527
92.64,24,2021,3,1,9,48723.0,10.79392700081985
144.54,1,2018,6,0,5,79319.0,11.281245582633732
65.82,28,2002,22,0,6,31260.0,10.350126593227081
119.85,17,2007,17,3,11,51314.0,8.031060180240619
134.94,16,1989,35,4,4,141653.0,11.861142743476268
143.97,24,2004,20,2,1,113240.0,11.63727356998868
141.31,4,2024,0,0,3,29180.0,7.741099090035366
114.13,37,1989,35,3,10,79126.0,11.278809435588329
141.64,4,2010,14,2,6,98017.0,11.49290641425619
92.35,14,2020,4,1,8,67778.0,11.124007691437571
61.41,30,2001,23,3,4,146421.0,11.894248142443502
86.03,31,1997,27,2,6,70831.0,7.796469243086058
107.67,37,2015,9,2,0,42190.0,10.649962207136612
50.02,22,1981,43,3,6,50088.0,10.821556702087694
78.49,32,1989,35,3,9,96749.0,11.479885610892028
88.44,43,2012,12,2,10,127871.0,11.75878504256817
75.63,39,2005,19,0,1,69753.0,7.01571242048723
107.93,16,1987,37,0,11,90423.0,11.412264997870567
87.98,43,2016,8,2,10,38214.0,8.327242607457793
113.31,14,2002,22,0,0,36727.0,8.255308811785596
71.02,27,1994,30,4,7,59693.0,8.51197962436335
76.63,12,2012,12,3,2,42663.0,8.027476530860483
75.91,34,1981,43,0,4,72390.0,11.189837261254489
130.02,1,1998,26,0,0,67057.0,11.1133131955373
87.09,22,1995,29,3,6,58578.0,10.978131549563434
125.12,42,2001,23,2,9,96598.0,11.478323668180154
64.88,2,2002,22,0,4,49882.0,8.24354550792826
69.06,3,2015,9,4,7,67164.0,11.114907557497114
142.14,27,1993,31,0,10,63131.0,7.433666540166168
144.14,28,2010,14,3,6,53753.0,7.675081857716334
52.06,33,1982,42,0,0,85741.0,11.359098066215346
66.6,36,1983,41,4,1,98748.0,11.500336556129815
108.15,24,2009,15,0,11,31297.0,7.609862200913554
103.58,23,1995,29,1,9,54509.0,10.906139450058326
74.07,26,1987,37,0,3,42901.0,7.529406457837013
106.63,44,1995,29,4,1,40935.0,8.08825472712243
68.4,11,2019,5,1,11,44464.0,10.70245764183374
115.16,42,2022,2,2,4,45723.0,10.730378603145668
79.6,4,1982,42,1,2,58946.0,10.984394014085305
71.63,18,2018,6,3,8,47370.0,7.606387389772652
118.39,9,1990,34,3,2,133349.0,11.80073252961016
68.56,34,2008,16,0,10,105190.0,11.563533024295225
107.15,31,2002,22,1,5,111078.0,11.617996938859507
149.52,8,1999,25,4,2,62931.0,11.049810057360315
100.77,3,1990,34,0,1,88441.0,11.390102248917405
64.01,17,1987,37,1,6,57024.0,7.509335266016592
125.25,21,1985,39,2,7,98345.0,11.496247151917416
95.84,7,2015,9,4,3,131672.0,11.788076855324142
132.9,17,1994,30,2,9,116333.0,11.66422064315906
50.18,42,1986,38,3,8,86515.0,11.368084646913193
97.84,41,2006,18,2,0,45171.0,8.382975849296429
51.6,15,1983,41,0,1,39407.0,7.89655270164304
95.36,20,2019,5,0,4,26088.0,8.409385238781931
73.04,16,1994,30,3,10,126714.0,11.749695749199095
102.83,44,2022,2,4,0,71087.0,8.201934351194222
71.38,22,2016,8,2,5,74540.0,8.403128235128264
73.15,10,2016,8,0,11,125382.0,11.739128331802833
122.45,13,2003,21,1,1,20822.0,8.027150106832774
128.51,28,2019,5,2,1,143986.0,11.877478296705076
83.17,30,1983,41,3,11,57623.0,10.9616944265692
100.35,22,1983,41,4,2,124272.0,11.730236037491995
59.58,7,1989,35,2,2,72484.0,11.191134922884999
66.34,27,1985,39,0,6,143079.0,11.871159193372954
132.18,22,2008,16,4,11,84448.0,11.343903080839608
64.25,33,2013,11,3,5,100382.0,11.516748149193894
146.01,38,1986,38,1,8,89723.0,11.404493570787915
128.55,22,2010,14,2,4,122968.0,11.719687570068697
148.76,10,2000,24,3,6,56936.0,8.327726166461412
76.44,7,1991,33,3,10,143701.0,11.875496989854746
