법정동,전용면적(㎡),층,건축년도,아파트연식,전월세구분,보증금(만원),월세(만원),계약일자
압구정동,123.05,37,1995,29,월세,1418,123,2024-03-26
역삼동,136.06,18,1998,26,전세,129366,0,2024-01-14
삼성동,141.96,14,2016,8,월세,1963,74,2024-03-02
청담동,50.57,23,2003,21,월세,2616,113,2024-01-11
삼성동,131.21,12,1990,34,월세,3104,229,2024-03-02
압구정동,84.67,29,2011,13,전세,123879,0,2024-01-23
삼성동,67.42,8,2017,7,전세,65318,0,2024-02-03
청담동,117.22,6,1997,27,전세,138941,0,2024-03-27
대치동,101.99,18,2006,18,전세,33679,0,2024-02-01
삼성동,84.35,24,2020,4,월세,1762,240,2024-02-08
청담동,82.15,25,1995,29,전세,111530,0,2024-03-09
삼성동,148.68,12,1992,32,월세,4349,93,2024-01-20
청담동,88.01,15,1981,43,전세,106821,0,2024-03-13
대치동,125.04,40,1987,37,월세,3025,186,2024-02-01
청담동,65.53,3,2019,5,전세,118122,0,2024-03-08
삼성동,71.65,44,2001,23,월세,1517,124,2024-01-04
삼성동,62.01,41,2004,20,전세,38875,0,2024-01-10
대치동,109.67,31,2001,23,월세,1972,189,2024-03-01
삼성동,92.79,3,1981,43,전세,41803,0,2024-02-07
청담동,96.21,12,1987,37,전세,88616,0,2024-02-21
압구정동,146.55,31,1990,34,전세,122432,0,2024-02-09
대치동,117.44,16,2006,18,월세,4636,288,2024-03-16
대치동,103.94,39,2001,23,전세,30067,0,2024-03-05
역삼동,89.42,31,2000,24,전세,114833,0,2024-03-17
압구정동,83.84,9,1990,34,월세,3875,198,2024-01-18
청담동,54.1,6,2012,12,전세,132914,0,2024-03-16
삼성동,141.15,1,2003,21,전세,63449,0,2024-03-19
역삼동,65.85,42,2000,24,월세,3841,287,2024-01-18
압구정동,133.34,16,1993,31,전세,83686,0,2024-01-06
대치동,72.51,7,1989,35,월세,3991,204,2024-02-28
청담동,108.77,41,1987,37,전세,123258,0,2024-02-04
삼성동,96.29,30,2018,6,전세,99935,0,2024-02-04
압구정동,99.25,7,2018,6,전세,144801,0,2024-03-17
압구정동,112.0,18,1990,34,전세,64962,0,2024-01-04
역삼동,117.93,39,2011,13,전세,56715,0,2024-01-22
대치동,81.38,33,2008,16,전세,107749,0,2024-01-14
대치동,130.77,44,2020,4,전세,99844,0,2024-01-21
삼성동,142.71,4,2010,14,전세,72959,0,2024-03-15
삼성동,136.83,18,1981,43,전세,33922,0,2024-02-12
역삼동,95.14,43,1983,41,전세,59818,0,2024-02-13
청담동,140.93,3,2023,1,전세,130309,0,2024-03-27
대치동,149.08,15,2017,7,월세,3590,67,2024-02-09
삼성동,104.86,30,2012,12,월세,4433,111,2024-01-11
삼성동,57.47,31,1987,37,전세,82326,0,2024-03-22
청담동,148.39,40,2002,22,월세,2869,146,2024-01-01
역삼동,71.31,9,1989,35,월세,1542,271,2024-03-14
삼성동,51.79,33,1994,30,월세,2818,153,2024-01-22
대치동,69.92,38,1991,33,전세,99563,0,2024-01-25
삼성동,112.16,21,1993,31,전세,109259,0,2024-02-28
역삼동,88.37,4,2010,14,전세,70797,0,2024-02-04
역삼동,75.8,24,2014,10,월세,3128,218,2024-02-20
청담동,105.17,23,1996,28,전세,83162,0,2024-03-02
대치동,125.36,44,2022,2,월세,5000,103,2024-02-18
압구정동,148.29,30,2011,13,월세,3490,134,2024-01-16
대치동,135.19,34,2010,14,전세,140317,0,2024-02-24
청담동,138.08,27,2023,1,월세,2843,169,2024-01-25
역삼동,113.09,27,2016,8,월세,3202,252,2024-02-11
역삼동,50.81,11,2022,2,전세,122710,0,2024-01-10
역삼동,92.03,26,1993,31,월세,4853,135,2024-03-01
청담동,125.27,10,1985,39,전세,106201,0,2024-03-14
삼성동,52.82,39,1992,32,월세,2004,233,2024-01-02
삼성동,107.33,38,1993,31,전세,108294,0,2024-02-20
역삼동,70.73,37,1995,29,전세,89106,0,2024-03-28
역삼동,87.46,3,1991,33,전세,103693,0,2024-01-08
대치동,85.65,38,1992,32,전세,146682,0,2024-02-03
압구정동,70.52,10,2019,5,전세,47040,0,2024-01-25
대치동,77.2,6,2011,13,월세,2017,176,2024-03-04
청담동,53.21,38,1994,30,전세,66125,0,2024-02-09
대치동,147.58,4,1992,32,월세,4439,77,2024-01-12
대치동,113.11,43,2006,18,월세,3842,113,2024-02-22
역삼동,148.86,45,1989,35,전세,106682,0,2024-03-05
청담동,77.76,25,2016,8,전세,104988,0,2024-03-04
대치동,61.6,16,1986,38,전세,67872,0,2024-01-19
역삼동,62.64,7,2007,17,전세,130766,0,2024-02-14
청담동,103.42,30,2007,17,전세,130947,0,2024-03-03
삼성동,69.2,35,1992,32,월세,1894,211,2024-01-16
대치동,138.31,30,2010,14,전세,133445,0,2024-03-12
대치동,129.98,31,1984,40,전세,95658,0,2024-02-08
청담동,56.54,26,1992,32,전세,120415,0,2024-01-16
삼성동,108.21,18,2013,11,전세,67593,0,2024-01-07
압구정동,69.51,40,1998,26,전세,84463,0,2024-03-04
청담동,65.99,21,1985,39,월세,4061,224,2024-02-14
삼성동,98.55,38,2001,23,월세,2029,198,2024-03-23
청담동,95.96,23,1981,43,전세,96463,0,2024-03-08
삼성동,133.99,43,2013,11,월세,4570,189,2024-01-20
삼성동,130.25,31,1980,44,월세,4082,113,2024-02-25
역삼동,75.94,7,2021,3,전세,96238,0,2024-01-10
청담동,147.97,42,1982,42,전세,148295,0,2024-03-26
대치동,142.95,23,1990,34,전세,120339,0,2024-01-25
삼성동,53.49,34,2024,0,전세,86182,0,2024-02-07
대치동,96.78,23,2007,17,전세,120402,0,2024-01-15
청담동,134.08,11,2011,13,전세,94616,0,2024-02-05
역삼동,102.27,3,1992,32,월세,1184,80,2024-03-11
청담동,58.34,44,2024,0,월세,3552,124,2024-02-12
청담동,115.46,5,1992,32,월세,1508,143,2024-01-11
역삼동,96.76,14,2003,21,전세,34729,0,2024-03-18
역삼동,107.48,21,1984,40,전세,45925,0,2024-02-15
압구정동,97.96,20,2013,11,월세,2331,56,2024-01-04
압구정동,120.56,20,2003,21,월세,3051,55,2024-02-16
압구정동,143.68,1,1981,43,월세,1591,186,2024-02-01
대치동,131.33,4,1997,27,월세,2472,150,2024-02-02
압구정동,110.84,14,2008,16,전세,41353,0,2024-02-07
대치동,93.8,23,2000,24,전세,92606,0,2024-03-26
대치동,130.72,35,2006,18,전세,71297,0,2024-03-28
역삼동,72.73,29,2024,0,전세,64733,0,2024-02-24
대치동,62.15,25,2011,13,전세,137801,0,2024-01-09
청담동,65.52,18,2012,12,전세,133691,0,2024-02-18
역삼동,74.51,12,1995,29,월세,1439,243,2024-03-09
대치동,58.27,8,1987,37,전세,121694,0,2024-01-26
압구정동,142.21,42,2002,22,전세,68469,0,2024-01-02
대치동,95.18,29,2001,23,월세,3946,292,2024-03-25
대치동,130.8,40,2012,12,전세,39255,0,2024-02-11
역삼동,142.02,10,1981,43,전세,94650,0,2024-01-06
삼성동,61.25,24,2008,16,월세,4996,83,2024-01-14
청담동,144.93,21,1991,33,월세,1477,223,2024-01-22
청담동,86.57,15,2009,15,월세,4527,62,2024-02-12
역삼동,87.37,2,2018,6,전세,79326,0,2024-01-05
대치동,60.88,25,1991,33,월세,2369,200,2024-02-27
청담동,86.0,37,1995,29,월세,2301,178,2024-02-13
역삼동,120.12,9,1991,33,전세,39102,0,2024-01-25
청담동,53.12,30,2012,12,월세,1316,227,2024-01-15
대치동,97.6,17,1982,42,전세,134548,0,2024-02-15
역삼동,71.11,37,2018,6,전세,116322,0,2024-01-14
삼성동,79.41,20,1995,29,전세,149358,0,2024-01-20
삼성동,59.83,34,2017,7,전세,83939,0,2024-03-11
청담동,138.88,28,1983,41,전세,77376,0,2024-02-17
대치동,120.64,45,2000,24,월세,1725,247,2024-03-20
청담동,142.11,28,2014,10,전세,60220,0,2024-01-27
압구정동,65.66,35,1984,40,전세,138888,0,2024-02-21
삼성동,122.65,2,2003,21,전세,59213,0,2024-03-10
대치동,72.69,39,1987,37,전세,48999,0,2024-02-24
삼성동,101.2,11,1998,26,월세,1766,232,2024-01-22
압구정동,99.69,34,1985,39,전세,132276,0,2024-01-02
압구정동,100.98,38,2000,24,월세,3712,202,2024-03-23
역삼동,69.55,12,2010,14,전세,108671,0,2024-03-12
삼성동,87.18,10,2011,13,전세,51839,0,2024-01-18
대치동,52.06,35,1991,33,전세,67888,0,2024-03-05
압구정동,76.11,17,2010,14,월세,3622,283,2024-03-28
대치동,64.39,18,2009,15,전세,123015,0,2024-02-03
청담동,50.06,31,2007,17,월세,4750,128,2024-02-28
대치동,136.62,11,2024,0,전세,90116,0,2024-02-01
압구정동,90.6,20,2003,21,월세,1417,169,2024-03-07
청담동,54.53,5,2017,7,월세,2198,227,2024-03-12
압구정동,142.74,9,2019,5,전세,149674,0,2024-03-18
삼성동,120.13,44,1997,27,전세,64621,0,2024-03-20
압구정동,64.37,29,1995,29,전세,49001,0,2024-01-04
압구정동,72.67,15,2010,14,전세,48087,0,2024-01-10
대치동,139.52,28,1981,43,월세,1306,71,2024-02-01
삼성동,105.11,4,2012,12,전세,87828,0,2024-01-09
역삼동,128.9,18,1987,37,월세,1898,182,2024-01-15
역삼동,77.43,33,2006,18,전세,112080,0,2024-01-09
역삼동,109.52,23,2004,20,전세,45655,0,2024-03-03
삼성동,138.32,14,2019,5,전세,141848,0,2024-03-11
청담동,125.81,19,1989,35,월세,3494,97,2024-03-01
압구정동,111.95,19,2020,4,전세,136045,0,2024-03-18
압구정동,140.87,43,2012,12,전세,121908,0,2024-02-09
삼성동,97.34,14,1989,35,전세,89105,0,2024-01-12
압구정동,114.75,21,2022,2,전세,90976,0,2024-02-03
압구정동,91.74,31,2021,3,전세,128300,0,2024-02-07
역삼동,93.8,36,1989,35,전세,45098,0,2024-03-05
삼성동,148.29,5,1982,42,전세,109103,0,2024-03-11
삼성동,85.2,5,2012,12,전세,51299,0,2024-03-27
역삼동,148.81,9,1995,29,전세,54576,0,2024-01-16
대치동,96.27,2,2004,20,월세,3828,196,2024-02-19
압구정동,138.03,28,1988,36,전세,93284,0,2024-01-27
삼성동,99.17,44,2021,3,월세,4352,111,2024-02-02
삼성동,131.23,28,1986,38,월세,1433,96,2024-03-10
삼성동,66.85,31,2009,15,전세,101076,0,2024-03-05
청담동,128.09,10,2020,4,월세,3501,218,2024-01-05
삼성동,101.84,19,2023,1,전세,52167,0,2024-01-12
대치동,147.83,10,2003,21,전세,41048,0,2024-03-10
대치동,52.67,40,1986,38,전세,107660,0,2024-02-03
대치동,74.36,6,1995,29,월세,4109,140,2024-01-12
청담동,80.05,39,2021,3,전세,111597,0,2024-02-09
압구정동,76.76,27,2015,9,전세,96147,0,2024-03-19
대치동,129.97,34,2002,22,월세,1342,52,2024-01-14
역삼동,72.73,1,2006,18,월세,2025,105,2024-01-22
역삼동,142.28,41,2000,24,월세,2162,192,2024-01-17
청담동,128.27,25,2010,14,월세,3417,124,2024-02-28
역삼동,106.0,9,1987,37,월세,4003,80,2024-01-19
압구정동,142.23,24,2015,9,전세,46755,0,2024-01-12
대치동,50.31,31,2009,15,전세,91125,0,2024-02-03
압구정동,135.8,4,1989,35,전세,129365,0,2024-01-09
삼성동,75.05,22,2011,13,전세,89641,0,2024-03-08
대치동,134.84,36,1994,30,전세,58877,0,2024-02-11
청담동,109.99,32,2024,0,전세,41296,0,2024-02-21
대치동,59.8,11,2002,22,월세,3482,194,2024-01-18
청담동,97.26,45,1998,26,전세,76838,0,2024-03-23
청담동,76.84,42,2021,3,전세,94514,0,2024-02-13
대치동,116.42,44,1992,32,월세,2784,84,2024-03-06
압구정동,101.61,4,1997,27,전세,134313,0,2024-01-01
대치동,92.83,28,1987,37,월세,4258,300,2024-01-13
압구정동,90.87,6,2009,15,전세,55588,0,2024-03-09
역삼동,135.71,18,1984,40,전세,71092,0,2024-01-14
삼성동,56.24,43,2004,20,전세,129909,0,2024-03-15
역삼동,116.95,31,2021,3,전세,40575,0,2024-03-14
역삼동,75.7,30,2021,3,월세,4859,103,2024-02-25
삼성동,94.53,27,1999,25,전세,93896,0,2024-02-12
청담동,86.52,16,1984,40,전세,40413,0,2024-03-19
청담동,135.12,28,1995,29,전세,108986,0,2024-02-27
청담동,123.64,24,2017,7,전세,59570,0,2024-01-16
삼성동,98.52,2,2001,23,월세,4324,115,2024-01-23
압구정동,112.89,38,2001,23,전세,120203,0,2024-02-18
역삼동,115.93,18,2013,11,월세,4234,210,2024-02-21
역삼동,113.05,10,1984,40,월세,1497,288,2024-02-12
압구정동,128.35,41,2019,5,월세,4526,60,2024-02-16
압구정동,119.85,8,2022,2,전세,69539,0,2024-03-28
대치동,104.92,44,2011,13,월세,3281,168,2024-01-25
압구정동,74.93,37,1982,42,월세,2134,292,2024-02-14
대치동,105.43,36,2015,9,월세,2564,83,2024-01-17
대치동,58.02,9,1991,33,전세,59194,0,2024-01-25
대치동,70.25,12,1989,35,전세,111135,0,2024-03-25
역삼동,73.06,30,2007,17,전세,41095,0,2024-01-24
대치동,61.0,27,1980,44,월세,4816,157,2024-03-08
삼성동,88.4,17,2004,20,월세,3564,124,2024-01-04
대치동,132.65,1,2011,13,전세,39971,0,2024-01-02
삼성동,61.2,27,2008,16,전세,121722,0,2024-03-23
역삼동,71.99,20,2024,0,전세,103246,0,2024-02-27
압구정동,78.02,4,1997,27,전세,118027,0,2024-02-04
대치동,71.99,30,2013,11,전세,68916,0,2024-01-10
삼성동,131.81,36,1999,25,전세,118012,0,2024-02-16
청담동,121.24,42,2008,16,월세,3798,275,2024-03-04
청담동,81.6,28,2009,15,전세,56862,0,2024-03-23
청담동,52.25,5,1983,41,월세,2758,62,2024-01-03
청담동,93.57,13,1980,44,월세,3826,230,2024-03-19
삼성동,68.69,12,1981,43,전세,145675,0,2024-03-02
압구정동,116.23,41,2001,23,월세,4998,214,2024-03-20
압구정동,140.68,12,2022,2,전세,86694,0,2024-03-14
압구정동,119.28,23,1983,41,월세,2977,224,2024-03-01
삼성동,121.4,35,2022,2,전세,132432,0,2024-03-15
압구정동,127.01,44,2003,21,월세,3657,160,2024-02-14
대치동,59.83,37,2012,12,월세,1610,135,2024-02-15
대치동,73.04,3,2013,11,월세,3372,79,2024-03-13
청담동,125.18,31,2001,23,전세,70684,0,2024-01-16
삼성동,106.92,14,1989,35,전세,118716,0,2024-01-22
대치동,110.13,23,2005,19,전세,121760,0,2024-02-17
압구정동,84.73,25,1981,43,전세,66751,0,2024-03-08
대치동,139.64,16,2020,4,전세,90723,0,2024-03-07
청담동,123.16,5,2012,12,전세,147062,0,2024-03-09
압구정동,70.6,22,1994,30,월세,2857,197,2024-02-13
청담동,112.0,3,2020,4,전세,138792,0,2024-03-18
청담동,133.27,4,1992,32,전세,96713,0,2024-01-25
청담동,64.96,41,2003,21,전세,54828,0,2024-01-22
대치동,106.84,8,1994,30,전세,86514,0,2024-02-13
역삼동,61.74,14,2004,20,전세,95255,0,2024-02-17
대치동,90.75,29,1987,37,월세,3219,216,2024-02-03
삼성동,62.23,10,1990,34,월세,4693,92,2024-01-25
청담동,128.54,8,2016,8,월세,3970,268,2024-03-19
역삼동,63.49,28,2001,23,전세,30089,0,2024-01-16
압구정동,80.44,2,2022,2,전세,59672,0,2024-01-18
삼성동,95.58,5,2015,9,전세,113785,0,2024-02-19
청담동,60.25,28,2013,11,전세,62841,0,2024-03-21
대치동,132.04,12,1982,42,월세,1785,232,2024-01-08
압구정동,136.72,32,1992,32,전세,105697,0,2024-02-04
대치동,121.14,15,2010,14,전세,127392,0,2024-03-12
청담동,50.31,16,2014,10,전세,45016,0,2024-02-24
압구정동,142.69,18,2009,15,전세,53239,0,2024-03-15
청담동,119.2,14,1987,37,전세,56441,0,2024-01-11
역삼동,105.06,2,2001,23,전세,46036,0,2024-02-17
대치동,72.95,39,2016,8,월세,1127,52,2024-03-23
압구정동,144.26,24,2018,6,전세,143349,0,2024-02-18
역삼동,128.58,36,1990,34,전세,65964,0,2024-01-14
삼성동,70.14,18,1993,31,월세,4752,83,2024-01-07
청담동,87.64,20,1998,26,월세,4595,278,2024-02-04
역삼동,146.13,16,1980,44,월세,4686,69,2024-02-21
삼성동,68.14,4,2007,17,전세,81659,0,2024-02-16
압구정동,86.24,22,2000,24,전세,43034,0,2024-01-02
압구정동,145.28,30,2009,15,전세,148833,0,2024-03-27
역삼동,67.1,26,2014,10,전세,56025,0,2024-02-26
역삼동,118.51,20,2016,8,전세,90932,0,2024-02-06
삼성동,131.17,44,2017,7,전세,96152,0,2024-03-19
역삼동,65.95,29,1987,37,전세,140332,0,2024-02-04
역삼동,149.32,24,2017,7,월세,1497,169,2024-03-02
대치동,90.23,44,2017,7,전세,45658,0,2024-03-28
삼성동,128.24,45,2022,2,월세,2213,257,2024-01-03
압구정동,94.27,33,2024,0,전세,37574,0,2024-01-01
압구정동,85.53,44,2020,4,전세,89891,0,2024-03-28
역삼동,79.91,39,1984,40,전세,131762,0,2024-01-22
압구정동,57.64,4,2024,0,월세,1279,277,2024-03-04
역삼동,148.7,32,2013,11,전세,81672,0,2024-02-26
대치동,134.63,40,2004,20,월세,2985,109,2024-03-17
청담동,149.01,44,2015,9,전세,99913,0,2024-01-21
압구정동,125.3,43,1996,28,전세,111234,0,2024-03-14
역삼동,111.53,44,1994,30,전세,57951,0,2024-01-07
삼성동,117.56,27,2012,12,전세,148459,0,2024-03-05
대치동,114.03,41,2023,1,전세,53169,0,2024-03-13
삼성동,123.7,31,2005,19,전세,71310,0,2024-02-17
압구정동,61.63,38,2019,5,전세,146407,0,2024-02-05
대치동,92.46,26,1998,26,월세,3671,195,2024-03-03
청담동,76.3,14,1985,39,전세,129614,0,2024-01-07
대치동,107.98,20,2021,3,전세,75043,0,2024-03-14
역삼동,51.52,36,2015,9,전세,35310,0,2024-02-05
압구정동,111.81,17,2013,11,전세,87990,0,2024-03-11
대치동,111.76,44,1990,34,전세,117980,0,2024-03-25
역삼동,61.27,39,1993,31,전세,125393,0,2024-03-15
역삼동,119.83,43,2009,15,전세,34950,0,2024-03-06
압구정동,89.09,27,2016,8,전세,140145,0,2024-03-10
삼성동,54.75,1,2012,12,전세,127806,0,2024-02-10
역삼동,74.5,24,1990,34,전세,95418,0,2024-03-24
역삼동,116.22,11,2017,7,전세,135499,0,2024-02-21
압구정동,59.31,43,1994,30,월세,1448,267,2024-02-22
대치동,65.87,20,1985,39,전세,52481,0,2024-03-14
압구정동,110.72,28,1982,42,월세,1601,144,2024-03-07
압구정동,97.67,35,2006,18,전세,85203,0,2024-01-01
압구정동,128.55,41,2010,14,전세,106015,0,2024-03-01
압구정동,52.85,43,1985,39,전세,104686,0,2024-01-26
삼성동,54.75,21,1993,31,전세,85577,0,2024-01-17
역삼동,113.51,41,2012,12,전세,63923,0,2024-01-25
삼성동,139.91,20,2022,2,전세,149473,0,2024-01-13
역삼동,72.03,12,2003,21,전세,105881,0,2024-01-02
역삼동,115.7,2,2015,9,전세,80638,0,2024-01-22
역삼동,67.57,28,1994,30,전세,99925,0,2024-01-27
대치동,80.9,30,2009,15,전세,148059,0,2024-01-24
삼성동,83.87,6,2015,9,월세,4279,211,2024-03-12
압구정동,141.1,7,1993,31,월세,1213,141,2024-02-07
삼성동,114.66,6,1992,32,전세,43892,0,2024-03-06
역삼동,99.92,11,1998,26,전세,107155,0,2024-02-27
대치동,99.18,42,1998,26,월세,1938,84,2024-01-15
대치동,80.78,13,1981,43,전세,53390,0,2024-01-06
청담동,86.19,41,2009,15,전세,129171,0,2024-03-15
청담동,114.12,25,1982,42,전세,106423,0,2024-03-12
역삼동,115.7,29,2012,12,전세,44624,0,2024-02-13
삼성동,143.5,15,2015,9,전세,58254,0,2024-03-10
삼성동,115.93,2,1996,28,전세,32843,0,2024-03-22
삼성동,108.01,3,2003,21,전세,49416,0,2024-02-10
압구정동,80.91,14,2004,20,전세,88921,0,2024-03-28
청담동,113.83,17,2002,22,전세,61218,0,2024-01-21
압구정동,55.39,11,2006,18,전세,80031,0,2024-03-04
역삼동,120.2,26,2002,22,전세,89272,0,2024-01-09
대치동,110.46,40,1994,30,전세,104837,0,2024-01-14
삼성동,125.79,2,1986,38,전세,79879,0,2024-01-15
대치동,119.47,2,2022,2,전세,85256,0,2024-01-08
삼성동,77.03,2,2007,17,전세,47523,0,2024-03-21
청담동,70.52,43,2010,14,전세,70454,0,2024-02-15
대치동,60.76,10,1996,28,전세,48139,0,2024-01-08
압구정동,63.3,38,2018,6,전세,34653,0,2024-01-13
대치동,98.63,9,2016,8,전세,51743,0,2024-01-18
삼성동,64.72,36,2018,6,월세,1248,107,2024-03-11
압구정동,99.0,3,2024,0,전세,41828,0,2024-03-24
역삼동,114.73,20,2023,1,전세,146244,0,2024-03-03
청담동,138.97,1,2013,11,전세,99000,0,2024-03-27
청담동,55.04,40,2012,12,전세,43827,0,2024-03-24
삼성동,50.45,13,1993,31,전세,102061,0,2024-01-07
압구정동,73.25,34,2007,17,전세,86378,0,2024-02-01
삼성동,104.24,2,2006,18,전세,91356,0,2024-03-21
역삼동,50.29,36,1994,30,전세,126908,0,2024-03-12
청담동,108.58,40,1991,33,전세,50910,0,2024-03-18
역삼동,133.57,34,2018,6,전세,107176,0,2024-02-06
역삼동,135.5,10,2017,7,월세,1079,90,2024-02-24
청담동,74.56,26,1985,39,월세,2597,145,2024-01-08
대치동,66.34,15,2004,20,전세,58321,0,2024-02-16
청담동,97.28,34,1987,37,전세,87075,0,2024-03-19
청담동,139.42,37,1988,36,월세,4763,175,2024-03-12
청담동,97.5,32,2014,10,전세,134739,0,2024-01-02
압구정동,104.65,34,1991,33,전세,115780,0,2024-01-14
청담동,57.06,22,1986,38,월세,2177,191,2024-03-04
압구정동,78.03,7,2004,20,전세,91663,0,2024-01-06
삼성동,61.25,27,1989,35,전세,111288,0,2024-03-20
청담동,72.66,34,2003,21,월세,4275,250,2024-01-23
압구정동,140.61,24,2016,8,전세,46209,0,2024-01-18
청담동,128.02,9,2008,16,월세,2054,258,2024-01-16
역삼동,67.28,41,2019,5,전세,134303,0,2024-03-17
역삼동,119.62,21,1999,25,전세,97726,0,2024-02-11
대치동,117.6,8,2004,20,전세,140157,0,2024-01-26
대치동,126.96,38,1996,28,전세,55671,0,2024-01-02
압구정동,56.58,31,1990,34,월세,3739,73,2024-02-13
청담동,126.05,41,1996,28,전세,54133,0,2024-02-05
삼성동,90.47,16,2021,3,전세,48877,0,2024-01-24
청담동,65.14,30,1980,44,전세,101609,0,2024-02-07
삼성동,90.95,43,1993,31,월세,2772,178,2024-02-19
역삼동,130.88,29,1995,29,월세,3379,149,2024-01-25
삼성동,95.61,36,2001,23,전세,55361,0,2024-02-16
삼성동,72.85,35,2023,1,월세,4752,266,2024-02-23
청담동,96.63,27,2019,5,전세,144310,0,2024-01-24
역삼동,117.24,7,2005,19,월세,3268,282,2024-03-03
대치동,126.34,23,1994,30,월세,2886,234,2024-01-27
대치동,53.27,10,1989,35,전세,33346,0,2024-03-16
대치동,88.42,25,2021,3,월세,2000,281,2024-03-13
대치동,81.03,17,1997,27,전세,112777,0,2024-01-10
청담동,137.35,36,1988,36,전세,124135,0,2024-02-18
역삼동,138.2,2,2015,9,전세,52668,0,2024-02-14
청담동,115.58,37,2011,13,전세,40583,0,2024-03-13
삼성동,132.89,32,1987,37,전세,65869,0,2024-03-18
대치동,111.68,2,2015,9,월세,3222,255,2024-03-15
대치동,94.9,12,2009,15,월세,1754,222,2024-02-02
청담동,139.06,44,1999,25,전세,68328,0,2024-03-04
청담동,112.27,6,1991,33,전세,64594,0,2024-02-03
삼성동,54.66,35,2016,8,전세,43917,0,2024-02-18
청담동,130.69,32,2024,0,전세,86902,0,2024-01-28
삼성동,85.07,18,2013,11,전세,91756,0,2024-01-07
압구정동,126.22,21,2017,7,전세,55582,0,2024-03-22
삼성동,134.01,20,2016,8,전세,132666,0,2024-01-25
역삼동,99.9,5,1993,31,전세,143264,0,2024-03-27
역삼동,60.72,38,1996,28,월세,1332,114,2024-01-10
삼성동,136.23,12,1988,36,전세,98427,0,2024-01-02
청담동,145.73,12,1980,44,전세,141482,0,2024-02-21
대치동,142.25,37,1997,27,월세,3446,123,2024-02-11
삼성동,94.64,30,2000,24,전세,83537,0,2024-02-15
청담동,81.37,27,1996,28,월세,4195,195,2024-01-19
청담동,133.48,22,2000,24,전세,50546,0,2024-02-17
역삼동,121.28,26,1980,44,전세,49340,0,2024-02-24
역삼동,109.71,35,2001,23,전세,143446,0,2024-03-04
대치동,93.09,23,1982,42,전세,90847,0,2024-02-27
청담동,100.97,40,2024,0,전세,54489,0,2024-02-06
청담동,89.91,5,2011,13,전세,99612,0,2024-03-27
대치동,56.33,26,1988,36,월세,2160,203,2024-02-03
삼성동,67.79,10,2002,22,월세,1558,221,2024-01-05
청담동,86.02,11,2006,18,전세,51404,0,2024-01-25
대치동,50.55,15,1993,31,월세,2228,158,2024-03-14
삼성동,117.85,17,2015,9,전세,117094,0,2024-03-08
대치동,140.34,7,1997,27,전세,124863,0,2024-03-20
대치동,149.68,24,1996,28,전세,129871,0,2024-02-07
삼성동,93.22,25,2013,11,전세,123631,0,2024-02-05
청담동,69.71,45,1991,33,전세,93896,0,2024-01-28
청담동,87.76,21,1999,25,전세,66919,0,2024-03-07
압구정동,117.29,3,1999,25,월세,2345,152,2024-03-14
역삼동,102.98,19,2021,3,월세,4306,264,2024-02-05
역삼동,54.37,45,2018,6,전세,87123,0,2024-02-08
압구정동,146.36,4,2008,16,전세,55549,0,2024-03-17
압구정동,123.67,25,2024,0,전세,117179,0,2024-02-15
삼성동,86.42,45,1994,30,월세,1871,243,2024-01-15
대치동,71.62,21,2018,6,월세,3132,166,2024-03-20
대치동,98.03,2,2018,6,전세,143852,0,2024-01-08
청담동,104.78,14,1982,42,전세,106560,0,2024-02-06
대치동,129.37,16,1999,25,전세,124150,0,2024-03-14
역삼동,67.11,27,2017,7,전세,102036,0,2024-01-18
압구정동,130.17,40,2005,19,전세,49534,0,2024-03-20
대치동,109.23,21,1999,25,전세,38245,0,2024-03-14
대치동,105.11,14,2019,5,월세,4659,98,2024-03-11
압구정동,68.23,12,1988,36,전세,89783,0,2024-02-17
압구정동,96.13,26,2011,13,월세,3458,94,2024-03-07
대치동,51.4,42,2002,22,월세,3025,133,2024-03-20
압구정동,52.59,19,1999,25,월세,1943,295,2024-01-22
대치동,66.1,23,1981,43,월세,2805,252,2024-03-14
압구정동,138.17,39,1996,28,전세,99381,0,2024-01-18
압구정동,51.28,29,1988,36,월세,1439,79,2024-01-17
압구정동,147.73,45,1980,44,월세,4644,188,2024-01-23
역삼동,119.32,29,1997,27,전세,129880,0,2024-03-26
역삼동,139.41,17,1993,31,월세,3625,237,2024-03-14
청담동,115.39,16,2002,22,전세,116473,0,2024-02-06
역삼동,57.32,3,1986,38,전세,65540,0,2024-02-19
압구정동,122.11,37,1985,39,월세,4550,227,2024-01-23
대치동,50.54,31,1991,33,월세,3713,208,2024-02-02
삼성동,91.34,18,1980,44,전세,128113,0,2024-01-26
압구정동,131.05,44,2009,15,월세,2714,162,2024-03-02
청담동,71.63,37,1988,36,전세,51295,0,2024-03-27
역삼동,103.79,21,1988,36,전세,85450,0,2024-03-17
삼성동,96.06,3,2014,10,전세,129311,0,2024-01-17
삼성동,85.15,41,1995,29,전세,47610,0,2024-01-02
대치동,100.39,5,1981,43,월세,1906,61,2024-02-01
삼성동,85.72,15,1983,41,전세,139515,0,2024-02-22
삼성동,132.1,32,2007,17,전세,41433,0,2024-01-27
압구정동,131.99,32,2019,5,전세,122609,0,2024-01-06
대치동,87.78,8,1982,42,전세,138734,0,2024-03-01
압구정동,133.91,14,2016,8,전세,66395,0,2024-03-08
대치동,112.16,36,2000,24,전세,98230,0,2024-03-15
역삼동,76.7,14,1999,25,월세,2778,97,2024-01-07
압구정동,134.29,3,1998,26,전세,87650,0,2024-01-06
청담동,104.19,1,2002,22,전세,31277,0,2024-02-11
청담동,143.07,36,2017,7,월세,1316,56,2024-01-06
대치동,74.84,25,1998,26,월세,4381,143,2024-01-17
삼성동,104.03,25,1992,32,월세,4853,122,2024-03-20
청담동,93.08,42,2002,22,월세,1119,140,2024-03-08
대치동,101.84,28,2010,14,전세,68414,0,2024-03-10
역삼동,109.94,24,2024,0,전세,43236,0,2024-02-27
삼성동,128.42,38,2006,18,전세,58379,0,2024-01-12
삼성동,72.78,32,1999,25,전세,93811,0,2024-01-14
압구정동,63.64,28,1997,27,월세,2605,262,2024-03-10
역삼동,81.8,25,2006,18,전세,60395,0,2024-01-15
압구정동,145.78,37,1993,31,전세,141177,0,2024-01-25
역삼동,147.38,37,2000,24,전세,52400,0,2024-02-11
역삼동,62.62,36,1990,34,전세,117445,0,2024-03-21
대치동,90.55,14,1999,25,전세,101524,0,2024-01-01
역삼동,81.33,45,2012,12,전세,87486,0,2024-01-13
대치동,89.88,25,2009,15,전세,51910,0,2024-01-26
역삼동,125.86,1,1983,41,전세,135629,0,2024-02-23
압구정동,83.3,1,1996,28,전세,48542,0,2024-01-07
압구정동,143.0,22,1980,44,전세,37054,0,2024-01-22
대치동,62.64,31,2004,20,전세,146092,0,2024-03-12
삼성동,144.3,44,2002,22,전세,37934,0,2024-01-18
압구정동,140.72,19,2015,9,전세,84874,0,2024-03-23
압구정동,79.95,2,1998,26,전세,53461,0,2024-02-13
대치동,147.85,26,1985,39,전세,133419,0,2024-03-20
대치동,96.33,3,2003,21,전세,142033,0,2024-01-27
청담동,54.77,1,2007,17,전세,106016,0,2024-01-26
청담동,145.52,39,2023,1,전세,32568,0,2024-02-15
압구정동,54.13,38,1984,40,월세,3506,167,2024-02-19
청담동,107.88,12,1999,25,전세,127397,0,2024-02-23
대치동,131.08,3,2004,20,전세,38783,0,2024-01-22
청담동,72.21,24,1995,29,월세,4239,105,2024-02-18
청담동,84.7,13,2008,16,월세,1757,74,2024-03-23
대치동,145.83,35,1997,27,월세,2138,129,2024-01-09
청담동,132.47,6,2008,16,월세,3606,202,2024-02-06
대치동,137.88,28,2007,17,월세,2705,142,2024-02-01
대치동,113.01,25,2021,3,전세,72257,0,2024-02-12
대치동,139.93,27,1994,30,전세,41155,0,2024-02-18
삼성동,120.6,39,1986,38,전세,105053,0,2024-03-04
역삼동,61.48,13,1991,33,전세,149192,0,2024-01-09
대치동,142.66,4,2019,5,전세,94432,0,2024-02-26
역삼동,91.52,35,1999,25,전세,100480,0,2024-01-21
압구정동,118.68,21,2004,20,월세,2941,212,2024-01-23
역삼동,129.87,29,2016,8,전세,73876,0,2024-02-24
대치동,139.83,45,2014,10,전세,112831,0,2024-03-10
압구정동,106.81,11,1997,27,전세,121555,0,2024-02-01
역삼동,71.65,14,1988,36,전세,128209,0,2024-02-23
청담동,75.4,38,1985,39,전세,34472,0,2024-02-23
삼성동,89.31,7,2005,19,전세,38569,0,2024-03-01
역삼동,67.97,33,1996,28,전세,42520,0,2024-01-06
삼성동,110.01,9,1981,43,월세,1712,298,2024-02-05
삼성동,138.38,5,2010,14,전세,40351,0,2024-03-23
역삼동,132.47,18,2019,5,전세,116935,0,2024-03-04
대치동,55.48,4,1983,41,전세,95100,0,2024-01-05
청담동,96.57,25,1989,35,전세,126886,0,2024-03-09
삼성동,117.25,24,1989,35,전세,67149,0,2024-01-01
역삼동,52.17,35,2018,6,월세,4197,124,2024-03-10
대치동,55.3,43,2006,18,전세,146255,0,2024-02-08
역삼동,115.23,32,2015,9,전세,77398,0,2024-01-20
역삼동,134.79,41,1983,41,월세,4797,102,2024-01-10
삼성동,107.45,10,1988,36,전세,136308,0,2024-02-03
압구정동,67.82,17,1996,28,전세,41838,0,2024-01-16
대치동,82.18,35,1996,28,전세,90032,0,2024-02-26
압구정동,104.51,37,1993,31,전세,75495,0,2024-02-06
압구정동,62.14,16,1987,37,월세,1538,153,2024-03-14
청담동,135.07,24,2002,22,전세,120318,0,2024-01-27
청담동,60.94,16,2008,16,전세,93627,0,2024-03-22
삼성동,78.05,14,2015,9,전세,145143,0,2024-03-12
압구정동,50.5,30,1986,38,전세,137663,0,2024-03-18
삼성동,108.07,36,1992,32,월세,3703,229,2024-02-04
삼성동,50.52,25,1995,29,월세,1061,180,2024-03-22
삼성동,101.02,20,1993,31,전세,97932,0,2024-01-27
삼성동,56.76,7,2021,3,전세,77113,0,2024-01-19
삼성동,88.42,26,2015,9,전세,128899,0,2024-02-23
역삼동,141.75,1,1980,44,전세,35091,0,2024-03-18
삼성동,83.91,20,2020,4,전세,99820,0,2024-01-04
삼성동,123.72,45,2011,13,전세,92950,0,2024-02-21
압구정동,86.74,11,1988,36,전세,46133,0,2024-01-07
삼성동,142.44,1,1991,33,전세,90229,0,2024-02-22
역삼동,69.0,10,1988,36,전세,70809,0,2024-03-12
청담동,121.29,19,1984,40,전세,132925,0,2024-01-25
압구정동,84.42,13,1980,44,전세,137583,0,2024-02-13
청담동,143.36,15,2024,0,전세,43691,0,2024-02-15
대치동,110.18,16,2002,22,전세,115406,0,2024-03-10
삼성동,84.86,40,2015,9,전세,99320,0,2024-02-20
삼성동,76.51,38,2021,3,전세,69847,0,2024-02-20
청담동,74.61,13,1991,33,전세,43192,0,2024-01-02
역삼동,97.21,25,1987,37,전세,55383,0,2024-01-27
역삼동,82.24,41,2022,2,전세,83783,0,2024-01-13
삼성동,116.46,34,2017,7,전세,139631,0,2024-02-20
대치동,121.1,4,1995,29,전세,38710,0,2024-03-15
압구정동,56.21,14,2008,16,전세,73679,0,2024-03-14
대치동,91.62,36,1982,42,전세,30505,0,2024-02-22
삼성동,52.89,2,2013,11,전세,73951,0,2024-02-04
역삼동,98.77,31,2007,17,월세,4882,165,2024-02-27
삼성동,72.29,14,2019,5,월세,3893,153,2024-01-25
역삼동,80.62,24,2013,11,월세,1302,117,2024-03-15
역삼동,74.22,30,1989,35,전세,96203,0,2024-03-21
삼성동,105.28,6,1988,36,월세,1973,265,2024-01-26
압구정동,66.33,44,1986,38,전세,74737,0,2024-01-14
대치동,82.41,44,2014,10,전세,38625,0,2024-01-23
역삼동,72.43,10,2017,7,전세,109220,0,2024-03-21
대치동,91.4,21,2009,15,전세,51158,0,2024-03-02
청담동,95.62,10,2008,16,월세,1729,188,2024-03-26
삼성동,97.77,19,2021,3,전세,95370,0,2024-03-07
압구정동,97.58,32,1982,42,전세,73297,0,2024-02-07
역삼동,93.06,34,2017,7,월세,2977,120,2024-03-28
삼성동,96.92,2,2005,19,월세,2795,166,2024-03-20
역삼동,121.47,6,2007,17,전세,76287,0,2024-01-14
역삼동,104.02,4,1997,27,전세,94181,0,2024-02-18
압구정동,71.43,6,1995,29,전세,127324,0,2024-02-25
청담동,110.09,19,1982,42,전세,145899,0,2024-02-12
삼성동,62.99,39,2016,8,전세,142668,0,2024-03-19
압구정동,128.62,23,1992,32,전세,99656,0,2024-03-05
역삼동,73.99,20,1995,29,월세,1744,274,2024-01-17
대치동,114.12,13,2024,0,월세,3701,195,2024-02-05
대치동,126.08,40,2006,18,전세,115498,0,2024-02-22
삼성동,112.71,4,2000,24,전세,71699,0,2024-01-21
역삼동,99.09,3,2001,23,전세,47320,0,2024-02-06
대치동,148.69,2,1984,40,월세,2263,292,2024-02-15
압구정동,62.31,44,2016,8,전세,113031,0,2024-01-02
역삼동,133.4,40,2016,8,전세,137680,0,2024-02-12
대치동,52.19,10,2021,3,월세,4528,205,2024-01-23
압구정동,111.4,27,2024,0,전세,64014,0,2024-02-15
대치동,87.13,19,1982,42,전세,59303,0,2024-03-24
대치동,77.43,4,1985,39,전세,84811,0,2024-03-07
청담동,52.01,6,2018,6,월세,3936,248,2024-03-02
역삼동,96.23,39,1995,29,전세,92693,0,2024-02-06
청담동,128.56,13,2010,14,전세,106850,0,2024-03-26
삼성동,57.96,38,2018,6,월세,3132,117,2024-03-04
청담동,106.46,16,2006,18,전세,46312,0,2024-01-11
삼성동,102.31,41,1985,39,전세,74284,0,2024-01-10
압구정동,64.15,18,1996,28,전세,65650,0,2024-01-05
압구정동,89.87,20,2007,17,월세,2876,71,2024-01-22
대치동,113.49,32,2011,13,전세,75767,0,2024-02-09
압구정동,92.34,4,2011,13,전세,130190,0,2024-02-11
압구정동,142.03,44,1998,26,전세,147191,0,2024-02-12
대치동,105.62,38,1997,27,월세,1055,93,2024-01-16
역삼동,57.18,8,2000,24,전세,113288,0,2024-01-27
대치동,125.9,19,2003,21,전세,41313,0,2024-02-24
역삼동,97.28,39,2015,9,전세,134698,0,2024-03-25
역삼동,53.85,43,1982,42,전세,39676,0,2024-01-15
대치동,143.12,30,2018,6,전세,38801,0,2024-03-15
역삼동,96.49,24,2003,21,전세,114798,0,2024-01-23
청담동,85.51,18,2007,17,전세,72333,0,2024-03-07
대치동,51.33,33,2011,13,전세,75361,0,2024-01-09
청담동,68.27,23,1998,26,전세,33663,0,2024-03-09
청담동,90.19,19,1997,27,전세,98755,0,2024-02-12
역삼동,147.16,22,2009,15,월세,4971,263,2024-01-03
대치동,101.85,13,2023,1,전세,52539,0,2024-02-13
청담동,90.29,27,1988,36,전세,118963,0,2024-02-15
삼성동,103.86,7,1986,38,월세,4405,88,2024-03-05
삼성동,65.57,12,1980,44,전세,35876,0,2024-02-26
역삼동,93.04,25,2009,15,전세,146347,0,2024-01-01
압구정동,51.34,35,1999,25,전세,93859,0,2024-01-25
역삼동,80.04,9,1988,36,월세,3284,235,2024-02-02
압구정동,147.01,25,2021,3,전세,30742,0,2024-02-02
압구정동,126.61,11,1994,30,전세,64605,0,2024-03-27
대치동,61.01,12,1980,44,전세,44781,0,2024-03-06
역삼동,110.84,14,2004,20,전세,96299,0,2024-02-23
역삼동,84.97,20,2022,2,전세,138531,0,2024-02-02
역삼동,132.29,5,1982,42,전세,108061,0,2024-03-11
역삼동,133.23,40,2024,0,전세,75914,0,2024-02-12
압구정동,121.4,32,1985,39,월세,1299,224,2024-02-28
삼성동,65.95,34,1983,41,전세,104266,0,2024-03-04
삼성동,81.33,39,2023,1,전세,38636,0,2024-01-09
대치동,96.52,13,1983,41,전세,71047,0,2024-03-09
대치동,124.08,5,2022,2,전세,103130,0,2024-01-02
압구정동,136.21,25,2001,23,전세,95165,0,2024-02-22
대치동,138.85,14,1992,32,전세,70123,0,2024-02-15
역삼동,87.18,44,1996,28,전세,50316,0,2024-03-26
역삼동,85.89,30,1984,40,전세,139457,0,2024-01-05
대치동,71.25,39,1997,27,전세,92526,0,2024-02-03
대치동,118.75,45,2016,8,월세,2962,160,2024-01-23
역삼동,121.72,43,1981,43,전세,98603,0,2024-03-28
압구정동,56.5,20,2003,21,전세,93735,0,2024-02-26
청담동,142.46,45,2015,9,월세,4051,260,2024-01-03
청담동,124.59,3,1990,34,전세,84030,0,2024-02-18
역삼동,135.34,41,2009,15,월세,1194,254,2024-02-16
역삼동,138.6,38,1994,30,전세,138966,0,2024-01-18
대치동,142.26,44,2003,21,월세,2608,216,2024-03-26
삼성동,94.61,25,2020,4,월세,1216,63,2024-01-01
대치동,59.07,19,1984,40,월세,1998,136,2024-01-01
대치동,140.8,5,2017,7,월세,4654,248,2024-01-15
삼성동,71.88,45,2016,8,전세,57354,0,2024-01-06
청담동,140.58,29,1988,36,전세,121362,0,2024-02-05
삼성동,62.8,5,2010,14,전세,66480,0,2024-01-14
역삼동,84.42,33,2010,14,전세,71978,0,2024-02-25
압구정동,90.95,44,1981,43,전세,105009,0,2024-02-05
삼성동,51.71,31,2002,22,전세,149570,0,2024-02-23
청담동,97.92,39,2022,2,월세,1141,178,2024-02-12
대치동,133.03,20,2010,14,전세,31550,0,2024-03-04
대치동,114.01,17,2016,8,전세,82494,0,2024-02-15
대치동,50.32,44,1993,31,전세,126580,0,2024-02-16
청담동,139.39,12,2019,5,전세,65335,0,2024-03-11
역삼동,86.37,3,2019,5,전세,110464,0,2024-02-11
청담동,101.93,37,1992,32,월세,1912,222,2024-03-16
대치동,148.33,21,1996,28,전세,131371,0,2024-03-06
대치동,145.4,5,2015,9,전세,103488,0,2024-02-01
대치동,149.92,9,1980,44,전세,71490,0,2024-03-10
압구정동,106.11,38,2005,19,전세,101155,0,2024-02-23
압구정동,67.83,8,2014,10,전세,43324,0,2024-03-05
청담동,51.19,7,2000,24,월세,3969,185,2024-02-11
압구정동,71.76,33,1997,27,전세,139765,0,2024-01-18
삼성동,108.51,7,1995,29,전세,50252,0,2024-02-03
청담동,104.83,31,2016,8,월세,4699,197,2024-02-17
역삼동,119.09,17,2012,12,전세,79173,0,2024-01-09
압구정동,117.61,44,2018,6,전세,67061,0,2024-01-17
삼성동,72.7,24,2019,5,월세,3940,52,2024-02-21
삼성동,137.79,31,2022,2,월세,1727,259,2024-02-09
압구정동,138.38,9,2002,22,전세,127668,0,2024-02-08
역삼동,106.57,8,2024,0,전세,30899,0,2024-02-07
대치동,87.89,42,2001,23,전세,38822,0,2024-03-22
청담동,52.14,33,1997,27,전세,82243,0,2024-03-07
삼성동,121.59,42,2005,19,전세,87304,0,2024-02-21
대치동,113.55,30,1998,26,전세,103259,0,2024-03-09
압구정동,76.09,30,2003,21,월세,1376,189,2024-03-24
압구정동,81.67,14,2024,0,전세,49391,0,2024-03-10
청담동,92.51,30,2022,2,전세,65490,0,2024-02-01
삼성동,122.51,23,2020,4,전세,134945,0,2024-02-15
압구정동,82.78,5,2006,18,전세,112696,0,2024-03-27
삼성동,107.64,16,2002,22,전세,85334,0,2024-02-19
청담동,96.0,38,2005,19,월세,1041,153,2024-03-27
역삼동,92.78,35,2001,23,전세,107219,0,2024-01-07
대치동,139.0,45,2018,6,월세,1670,233,2024-02-02
압구정동,87.57,39,1983,41,월세,2266,279,2024-01-27
대치동,112.58,21,2015,9,전세,46899,0,2024-02-27
압구정동,138.29,34,2024,0,전세,146791,0,2024-01-02
삼성동,62.63,8,1989,35,월세,4115,73,2024-02-14
압구정동,113.86,36,2007,17,월세,2598,147,2024-03-06
역삼동,108.41,10,1982,42,월세,4566,137,2024-03-11
청담동,113.04,14,2012,12,월세,4311,180,2024-02-16
대치동,64.82,42,2018,6,전세,109085,0,2024-02-17
대치동,136.83,6,1993,31,전세,145446,0,2024-01-10
역삼동,90.27,9,2002,22,전세,88833,0,2024-02-27
압구정동,120.0,10,1994,30,월세,1867,284,2024-01-01
역삼동,83.94,29,1989,35,전세,139627,0,2024-01-26
청담동,68.13,40,2023,1,전세,32687,0,2024-01-20
압구정동,68.61,11,2003,21,월세,2555,233,2024-02-09
대치동,87.76,35,1994,30,월세,1706,223,2024-01-23
삼성동,117.31,18,1990,34,전세,109059,0,2024-01-09
대치동,128.67,14,2008,16,전세,85576,0,2024-03-10
압구정동,60.03,8,2009,15,전세,111213,0,2024-02-17
청담동,112.42,39,1997,27,전세,120775,0,2024-03-25
삼성동,147.25,43,2008,16,전세,71289,0,2024-03-15
청담동,85.66,6,1997,27,전세,30259,0,2024-02-15
삼성동,124.3,21,2000,24,전세,83310,0,2024-03-09
대치동,111.01,42,2020,4,월세,4977,248,2024-01-22
청담동,54.35,2,1986,38,월세,2675,203,2024-02-03
삼성동,83.7,12,1999,25,전세,140180,0,2024-02-03
대치동,110.36,19,2006,18,전세,41932,0,2024-03-10
역삼동,137.48,39,2013,11,월세,4735,100,2024-01-24
삼성동,135.14,4,2010,14,전세,51396,0,2024-03-06
청담동,83.07,18,1997,27,월세,2447,130,2024-02-09
삼성동,118.58,24,1991,33,전세,123438,0,2024-01-28
청담동,105.21,31,1996,28,전세,91781,0,2024-03-17
삼성동,111.98,24,1998,26,전세,34822,0,2024-01-22
대치동,88.21,8,1983,41,전세,67836,0,2024-01-23
역삼동,132.4,29,2018,6,전세,121931,0,2024-03-01
역삼동,64.63,39,2001,23,전세,121100,0,2024-02-15
압구정동,115.77,23,1987,37,월세,2405,220,2024-02-28
역삼동,120.54,26,2020,4,전세,72883,0,2024-03-18
역삼동,89.95,24,2010,14,전세,114123,0,2024-03-24
압구정동,148.85,20,1982,42,전세,55491,0,2024-03-24
대치동,64.62,19,1995,29,전세,143396,0,2024-03-14
압구정동,56.76,9,2016,8,전세,140880,0,2024-03-14
압구정동,133.47,11,2012,12,전세,78785,0,2024-03-07
압구정동,125.05,8,2000,24,월세,3392,135,2024-02-18
대치동,89.85,16,2022,2,월세,1677,67,2024-03-02
삼성동,138.43,3,1982,42,전세,48658,0,2024-02-16
청담동,143.82,44,1996,28,전세,79420,0,2024-02-13
압구정동,94.64,3,1990,34,전세,45027,0,2024-02-06
대치동,134.08,34,1986,38,전세,43088,0,2024-03-23
삼성동,54.23,24,2004,20,월세,1381,139,2024-03-14
삼성동,95.24,4,2014,10,전세,72892,0,2024-02-19
대치동,101.82,1,2013,11,전세,127866,0,2024-02-21
대치동,66.31,12,1994,30,전세,92068,0,2024-03-06
압구정동,54.82,34,2006,18,전세,84721,0,2024-02-26
대치동,63.21,27,2016,8,전세,53314,0,2024-01-03
대치동,107.45,42,2013,11,월세,4520,254,2024-02-27
압구정동,57.8,35,1988,36,전세,116291,0,2024-02-07
대치동,100.21,37,2015,9,전세,137894,0,2024-03-02
대치동,67.07,8,1980,44,월세,4486,211,2024-03-22
역삼동,50.83,8,1986,38,전세,37734,0,2024-03-12
역삼동,128.93,28,1988,36,전세,57959,0,2024-02-25
대치동,82.66,15,2012,12,전세,134563,0,2024-02-08
역삼동,140.74,4,1998,26,전세,103054,0,2024-02-01
역삼동,132.78,32,2001,23,월세,2951,144,2024-02-24
대치동,94.55,37,2004,20,전세,139142,0,2024-01-23
대치동,133.63,23,1992,32,월세,2935,146,2024-02-16
대치동,86.96,23,2002,22,전세,49353,0,2024-03-17
청담동,87.2,3,2005,19,월세,3872,140,2024-03-19
역삼동,79.13,42,2011,13,전세,32392,0,2024-02-28
청담동,109.54,44,2000,24,전세,138529,0,2024-02-12
삼성동,81.27,32,1980,44,전세,139928,0,2024-02-17
대치동,149.88,4,2014,10,전세,39751,0,2024-01-16
역삼동,128.14,23,2021,3,전세,116512,0,2024-03-13
역삼동,66.99,21,1980,44,전세,66383,0,2024-03-13
청담동,57.48,13,1988,36,월세,2713,250,2024-01-14
삼성동,67.46,40,1994,30,월세,2321,253,2024-02-20
청담동,122.53,9,2001,23,전세,101893,0,2024-02-06
삼성동,85.43,10,2017,7,월세,1731,162,2024-02-22
압구정동,89.98,13,2021,3,전세,60613,0,2024-01-21
압구정동,117.6,27,1989,35,전세,125679,0,2024-03-11
압구정동,82.6,29,1991,33,전세,97096,0,2024-03-24
삼성동,129.43,18,1995,29,전세,72176,0,2024-01-02
역삼동,94.76,32,1994,30,월세,1206,110,2024-01-12
압구정동,81.82,39,1984,40,월세,2952,227,2024-01-21
역삼동,128.2,40,2019,5,전세,127160,0,2024-02-20
삼성동,128.7,8,2005,19,월세,3752,85,2024-03-27
삼성동,85.59,31,1983,41,전세,148293,0,2024-03-04
삼성동,133.95,11,2010,14,월세,2888,295,2024-01-15
대치동,127.96,28,1993,31,전세,32834,0,2024-02-02
청담동,54.63,18,1995,29,전세,43097,0,2024-02-17
역삼동,140.07,1,1994,30,전세,68150,0,2024-01-20
역삼동,65.66,9,2006,18,전세,59957,0,2024-01-23
대치동,96.14,14,1981,43,월세,1779,87,2024-02-24
청담동,55.61,34,2017,7,전세,142689,0,2024-02-25
역삼동,86.76,25,1984,40,전세,145517,0,2024-03-14
역삼동,145.36,1,1995,29,전세,88698,0,2024-03-08
대치동,103.45,31,1987,37,전세,78123,0,2024-02-06
청담동,123.12,37,1983,41,전세,104789,0,2024-01-25
삼성동,71.31,31,1992,32,전세,57613,0,2024-01-22
청담동,120.29,29,1985,39,월세,3608,112,2024-02-01
청담동,136.51,17,2016,8,월세,4424,193,2024-01-09
압구정동,77.08,14,2007,17,전세,82588,0,2024-03-23
삼성동,148.18,24,1983,41,전세,44736,0,2024-01-16
대치동,102.7,30,1993,31,월세,4925,270,2024-01-25
삼성동,139.31,32,2003,21,전세,113231,0,2024-02-27
대치동,149.96,35,2013,11,월세,3709,101,2024-02-22
대치동,123.53,24,1988,36,월세,4697,139,2024-01-16
대치동,128.96,24,1987,37,전세,30914,0,2024-01-25
청담동,63.54,33,2003,21,전세,49424,0,2024-03-08
역삼동,73.04,9,2017,7,전세,111933,0,2024-03-05
삼성동,59.43,8,2001,23,전세,43477,0,2024-01-12
대치동,87.97,5,2010,14,월세,2402,220,2024-03-19
청담동,125.86,36,1993,31,전세,70158,0,2024-03-27
역삼동,113.63,38,1992,32,월세,4847,300,2024-03-22
청담동,108.32,20,1992,32,전세,141244,0,2024-01-17
청담동,92.24,36,1988,36,월세,3452,63,2024-01-08
청담동,63.81,16,1994,30,전세,116974,0,2024-02-02
압구정동,134.04,25,1995,29,월세,1151,251,2024-01-25
역삼동,67.93,7,2003,21,전세,63727,0,2024-01-02
대치동,68.92,35,1993,31,전세,124706,0,2024-01-24
청담동,54.1,26,2023,1,월세,1051,92,2024-03-05
역삼동,122.77,2,1980,44,전세,39256,0,2024-01-05
대치동,111.81,14,1992,32,전세,102988,0,2024-01-19
역삼동,140.59,42,1987,37,전세,117345,0,2024-02-25
압구정동,61.61,21,1995,29,전세,112838,0,2024-03-26
청담동,65.99,3,1983,41,월세,2514,249,2024-03-18
삼성동,132.85,8,2003,21,전세,97569,0,2024-03-28
압구정동,66.41,8,1986,38,전세,30769,0,2024-01-20
역삼동,132.97,3,2013,11,월세,3713,240,2024-02-05
삼성동,107.21,13,2001,23,전세,59504,0,2024-01-27
압구정동,122.45,33,2001,23,전세,96653,0,2024-02-12
청담동,60.6,29,2016,8,전세,114585,0,2024-03-27
압구정동,132.6,22,1991,33,전세,75933,0,2024-01-08
압구정동,92.36,22,2023,1,전세,120463,0,2024-03-18
대치동,72.68,32,1981,43,월세,2377,81,2024-03-19
역삼동,95.12,30,2004,20,전세,69145,0,2024-02-07
삼성동,61.08,43,2019,5,월세,2701,86,2024-02-14
역삼동,120.37,6,2001,23,월세,1353,142,2024-02-27
청담동,99.56,23,1984,40,전세,102806,0,2024-02-15
압구정동,120.45,6,1984,40,전세,95120,0,2024-03-03
압구정동,86.72,10,1983,41,월세,4481,215,2024-02-14
압구정동,103.14,18,2013,11,월세,4986,273,2024-01-21
삼성동,71.96,15,1985,39,전세,79402,0,2024-02-08
대치동,97.31,38,2013,11,전세,131557,0,2024-02-13
압구정동,136.32,1,1999,25,전세,147440,0,2024-01-15
삼성동,102.01,36,2001,23,전세,114601,0,2024-02-20
삼성동,144.21,40,1997,27,월세,4550,103,2024-01-13
역삼동,53.44,44,1992,32,전세,77735,0,2024-03-05
역삼동,79.17,40,2017,7,월세,1599,218,2024-02-08
청담동,140.12,9,1991,33,월세,3425,246,2024-02-21
압구정동,62.71,39,2006,18,전세,57873,0,2024-03-21
청담동,86.86,14,2009,15,전세,35818,0,2024-03-10
대치동,109.63,2,2006,18,전세,45731,0,2024-03-17
대치동,93.27,5,2007,17,전세,105821,0,2024-03-22
삼성동,63.34,34,1980,44,전세,84891,0,2024-01-01
압구정동,85.26,37,1997,27,전세,65346,0,2024-03-26
청담동,99.94,33,1980,44,전세,105597,0,2024-03-27
대치동,94.12,11,2003,21,월세,4192,245,2024-01-10
역삼동,61.17,27,1995,29,전세,111811,0,2024-01-06
압구정동,105.41,8,1983,41,전세,91362,0,2024-03-01
삼성동,114.29,31,2005,19,월세,3577,279,2024-03-19
청담동,149.16,41,1983,41,전세,78062,0,2024-01-16
역삼동,54.26,37,1981,43,전세,43221,0,2024-01-27
압구정동,108.3,32,1996,28,전세,99949,0,2024-01-11
압구정동,90.06,22,1991,33,월세,4994,156,2024-03-14
삼성동,125.96,35,1997,27,전세,92975,0,2024-03-04
청담동,103.53,43,1984,40,월세,1672,101,2024-01-20
청담동,52.47,27,1998,26,전세,98471,0,2024-01-28
압구정동,74.57,18,2004,20,전세,73310,0,2024-01-16
대치동,100.39,24,2009,15,전세,145753,0,2024-02-12
청담동,140.39,5,1988,36,전세,133806,0,2024-01-15
청담동,122.41,5,1982,42,전세,65118,0,2024-02-16
청담동,79.19,3,2001,23,전세,142156,0,2024-02-02
역삼동,57.96,44,1983,41,전세,54317,0,2024-01-04
압구정동,67.41,38,1995,29,전세,124101,0,2024-01-21
대치동,67.01,25,2018,6,전세,103460,0,2024-03-28
역삼동,118.18,16,2001,23,전세,59541,0,2024-03-04
역삼동,120.95,30,2018,6,전세,57152,0,2024-03-27
청담동,79.63,22,1997,27,전세,123744,0,2024-02-25
압구정동,112.9,35,2003,21,월세,2670,169,2024-01-19
역삼동,63.33,4,1993,31,월세,1401,82,2024-02-01
삼성동,138.57,12,1991,33,전세,64762,0,2024-03-07
압구정동,144.64,27,2009,15,월세,1039,176,2024-01-24
대치동,122.98,33,1986,38,전세,57751,0,2024-03-06
삼성동,147.35,11,2007,17,전세,126635,0,2024-02-15
삼성동,145.53,31,2002,22,전세,129827,0,2024-03-26
압구정동,123.82,14,1981,43,월세,4139,79,2024-01-13
청담동,96.86,30,2002,22,전세,36163,0,2024-02-23
삼성동,84.14,9,2022,2,전세,140118,0,2024-01-01
청담동,134.32,25,2015,9,월세,4143,249,2024-03-16
삼성동,101.38,4,2018,6,월세,2418,71,2024-01-07
역삼동,134.95,36,2013,11,전세,144058,0,2024-02-23
역삼동,50.1,6,1980,44,전세,39355,0,2024-03-11
역삼동,119.79,38,2021,3,전세,98261,0,2024-03-11
역삼동,66.48,7,2014,10,월세,4489,265,2024-01-17
대치동,102.72,25,2000,24,전세,109442,0,2024-03-08
압구정동,71.63,18,2013,11,전세,70361,0,2024-01-08
역삼동,135.22,11,1998,26,월세,4644,76,2024-01-24
역삼동,97.4,15,1983,41,전세,92984,0,2024-01-19
대치동,59.3,42,2000,24,전세,64185,0,2024-02-25
청담동,82.17,4,2006,18,전세,87351,0,2024-02-18
압구정동,95.21,43,2020,4,전세,131577,0,2024-03-01
대치동,109.72,44,1986,38,전세,64884,0,2024-02-11
청담동,116.06,40,1994,30,전세,103650,0,2024-03-17
삼성동,120.6,19,1985,39,전세,103540,0,2024-02-03
대치동,136.68,6,2018,6,전세,128321,0,2024-01-16
대치동,57.94,8,2006,18,월세,4558,191,2024-02-09
압구정동,98.96,44,1996,28,전세,34493,0,2024-01-08
청담동,69.65,33,2020,4,전세,127962,0,2024-03-22
대치동,66.81,29,1998,26,전세,57276,0,2024-02-08
대치동,136.76,21,2006,18,전세,68894,0,2024-03-11
청담동,103.85,29,2017,7,전세,94585,0,2024-02-04
삼성동,64.56,30,2007,17,전세,62814,0,2024-02-09
역삼동,93.56,23,1995,29,월세,3527,206,2024-02-20
대치동,83.9,26,1997,27,월세,3712,256,2024-02-11
역삼동,110.89,38,2020,4,전세,109876,0,2024-03-24
대치동,115.96,13,1986,38,전세,112947,0,2024-01-01
압구정동,108.32,21,1985,39,월세,3032,95,2024-01-27
청담동,84.16,13,2005,19,전세,128090,0,2024-03-24
청담동,98.59,11,2000,24,월세,3935,181,2024-02-09
삼성동,146.07,23,1985,39,전세,136338,0,2024-02-16
삼성동,129.64,28,2024,0,전세,60367,0,2024-03-11
압구정동,57.53,30,1995,29,월세,2739,259,2024-03-14
대치동,96.84,35,1985,39,전세,135846,0,2024-03-20
역삼동,66.24,4,2019,5,전세,74591,0,2024-01-01
역삼동,58.25,41,2008,16,월세,2290,231,2024-01-12
대치동,88.47,22,2021,3,전세,131808,0,2024-03-17
역삼동,135.74,1,1985,39,전세,85454,0,2024-03-14
압구정동,141.43,3,1983,41,전세,145708,0,2024-03-03
삼성동,65.62,19,2001,23,전세,100623,0,2024-03-16
청담동,60.17,22,1984,40,전세,48244,0,2024-02-04
대치동,93.39,5,1981,43,전세,73531,0,2024-03-01
압구정동,131.31,45,1981,43,월세,2927,203,2024-01-22
압구정동,81.86,8,2017,7,월세,3803,56,2024-02-22
삼성동,127.33,4,2020,4,전세,43089,0,2024-01-28
삼성동,94.07,35,1994,30,월세,1259,138,2024-03-23
청담동,118.35,15,1987,37,전세,96074,0,2024-02-26
청담동,72.35,30,2020,4,전세,40595,0,2024-01-23
대치동,103.44,15,1981,43,전세,44871,0,2024-01-22
삼성동,89.85,25,2023,1,월세,1669,101,2024-03-24
역삼동,125.55,21,1993,31,전세,137910,0,2024-01-12
역삼동,69.51,27,1997,27,전세,106230,0,2024-01-25
역삼동,125.81,10,2007,17,전세,127587,0,2024-03-18
역삼동,58.92,10,1998,26,월세,2469,251,2024-03-22
대치동,101.21,17,1988,36,월세,1424,273,2024-03-09
삼성동,140.77,11,2017,7,전세,42057,0,2024-01-13
압구정동,133.87,38,1991,33,월세,1012,90,2024-03-21
압구정동,145.32,37,1996,28,전세,118500,0,2024-03-10
삼성동,76.96,12,2010,14,전세,90465,0,2024-02-10
삼성동,121.16,28,1995,29,월세,1661,186,2024-01-18
압구정동,71.58,40,2009,15,전세,133490,0,2024-01-25
대치동,82.82,10,2005,19,전세,105334,0,2024-01-12
압구정동,143.69,11,1980,44,전세,103279,0,2024-03-21
역삼동,132.94,3,1993,31,월세,4165,209,2024-03-18
청담동,65.88,28,2017,7,월세,4076,229,2024-01-14
대치동,136.03,39,1986,38,월세,3103,171,2024-02-02
역삼동,122.23,17,1996,28,전세,75120,0,2024-03-17
청담동,147.27,21,2014,10,전세,140096,0,2024-03-03
압구정동,129.32,15,2000,24,월세,1491,130,2024-01-21
대치동,102.7,19,1993,31,전세,57274,0,2024-03-16
역삼동,106.36,25,1997,27,전세,84633,0,2024-02-04
압구정동,137.73,26,1989,35,월세,2294,87,2024-03-19
청담동,67.75,6,2021,3,전세,110374,0,2024-02-14
역삼동,107.14,44,2022,2,전세,132923,0,2024-01-10
삼성동,116.5,16,1989,35,월세,3667,191,2024-01-23
역삼동,89.87,40,1987,37,전세,109147,0,2024-02-19
청담동,129.27,4,1983,41,월세,2387,164,2024-03-04
청담동,98.34,15,2016,8,월세,4623,168,2024-01-10
압구정동,138.23,23,2003,21,전세,128961,0,2024-02-20
청담동,147.11,41,1993,31,전세,122390,0,2024-03-14
압구정동,115.09,8,2017,7,전세,34287,0,2024-01-13
역삼동,51.8,30,1992,32,전세,56787,0,2024-03-28
청담동,146.8,41,1987,37,전세,143299,0,2024-03-25
압구정동,93.56,37,2012,12,전세,127784,0,2024-02-12
삼성동,104.71,23,2000,24,전세,54647,0,2024-03-07
압구정동,147.17,1,1980,44,전세,36560,0,2024-02-17
삼성동,112.38,40,1985,39,월세,1537,277,2024-03-21
대치동,126.86,16,1987,37,전세,109801,0,2024-02-09
압구정동,121.83,24,1992,32,월세,1244,88,2024-03-14
역삼동,115.66,42,2000,24,전세,32314,0,2024-03-01
청담동,143.45,5,2018,6,전세,134344,0,2024-03-10
청담동,92.78,8,2010,14,월세,2399,157,2024-03-10
대치동,127.35,40,1981,43,전세,121631,0,2024-01-07
청담동,129.88,31,1990,34,월세,2252,120,2024-02-14
압구정동,117.27,27,2019,5,월세,1727,170,2024-02-24
압구정동,118.27,20,2004,20,전세,40773,0,2024-02-05
역삼동,142.82,37,1987,37,전세,36847,0,2024-01-20
압구정동,61.39,5,1989,35,전세,68555,0,2024-01-09
역삼동,57.8,31,1996,28,전세,133538,0,2024-02-03
대치동,99.03,16,1992,32,월세,1970,180,2024-01-18
압구정동,78.22,23,2005,19,전세,123288,0,2024-03-02
삼성동,66.03,12,2005,19,전세,129966,0,2024-01-22
삼성동,136.46,2,1983,41,전세,110139,0,2024-03-28
청담동,76.3,17,1999,25,전세,99519,0,2024-02-07
압구정동,116.19,44,2016,8,월세,3644,190,2024-03-16
대치동,112.18,14,1992,32,전세,135167,0,2024-03-25
대치동,120.42,29,1981,43,전세,69202,0,2024-03-23
대치동,138.74,10,1997,27,전세,35711,0,2024-02-02
청담동,51.34,25,2023,1,전세,55036,0,2024-03-08
삼성동,76.93,29,2010,14,전세,147454,0,2024-01-13
삼성동,51.04,1,2000,24,전세,93077,0,2024-01-11
청담동,83.12,10,2020,4,월세,4488,297,2024-01-02
대치동,144.12,28,1991,33,월세,1519,252,2024-03-05
역삼동,123.62,27,1999,25,전세,91266,0,2024-03-27
역삼동,59.95,2,2019,5,전세,55665,0,2024-03-15
역삼동,105.53,42,2000,24,전세,112669,0,2024-01-06
역삼동,146.34,39,1986,38,전세,96528,0,2024-01-10
역삼동,110.72,18,2015,9,전세,118415,0,2024-03-22
역삼동,58.02,37,1990,34,전세,89745,0,2024-02-20
역삼동,128.19,27,1990,34,월세,1317,184,2024-02-15
역삼동,107.62,5,1993,31,월세,4199,159,2024-02-17
압구정동,89.66,33,1985,39,전세,40058,0,2024-03-17
압구정동,79.76,27,2007,17,전세,77392,0,2024-01-17
대치동,130.46,17,2011,13,전세,65075,0,2024-02-20
삼성동,116.91,4,2014,10,전세,116135,0,2024-02-13
대치동,79.53,45,2020,4,전세,37811,0,2024-01-27
역삼동,104.22,6,2003,21,전세,60047,0,2024-01-11
삼성동,73.61,44,1986,38,전세,30931,0,2024-01-05
삼성동,91.59,45,1989,35,전세,88027,0,2024-02-09
압구정동,126.82,22,2016,8,전세,105599,0,2024-03-19
청담동,92.1,1,1992,32,전세,47550,0,2024-02-01
대치동,100.34,11,1993,31,월세,3623,248,2024-03-25
역삼동,88.61,42,2001,23,전세,55956,0,2024-02-09
대치동,148.1,7,2009,15,전세,67610,0,2024-01-21
청담동,127.33,28,1987,37,전세,97060,0,2024-03-23
역삼동,51.7,15,1986,38,전세,67070,0,2024-03-26
청담동,89.33,3,2005,19,전세,130575,0,2024-01-24
압구정동,96.81,40,2007,17,전세,60450,0,2024-03-20
역삼동,91.0,27,1998,26,전세,149818,0,2024-02-02
청담동,146.4,38,2000,24,월세,4501,78,2024-03-14
압구정동,74.07,17,2020,4,월세,2616,236,2024-01-11
대치동,92.7,41,2011,13,전세,34116,0,2024-01-17
삼성동,80.93,9,2024,0,전세,98759,0,2024-02-06
대치동,118.78,14,2023,1,전세,145641,0,2024-01-15
역삼동,140.84,19,1997,27,전세,36608,0,2024-01-12
청담동,87.09,23,1984,40,전세,74121,0,2024-02-24
역삼동,110.0,16,1989,35,월세,2223,51,2024-02-28
압구정동,72.44,39,2002,22,전세,94918,0,2024-03-26
대치동,131.66,4,2000,24,전세,80694,0,2024-01-03
대치동,130.71,25,1990,34,전세,33026,0,2024-02-16
압구정동,60.09,9,2019,5,월세,4913,223,2024-03-27
압구정동,149.18,27,2011,13,전세,141509,0,2024-01-24
역삼동,102.8,15,2012,12,월세,2578,103,2024-03-04
압구정동,57.55,9,2024,0,전세,121726,0,2024-03-03
역삼동,108.35,16,1987,37,전세,126755,0,2024-02-13
대치동,144.24,16,1990,34,전세,33143,0,2024-02-13
청담동,98.29,18,1987,37,월세,1066,134,2024-02-19
압구정동,52.38,1,2022,2,전세,34508,0,2024-02-19
역삼동,97.32,14,1991,33,월세,3265,211,2024-01-19
대치동,75.93,33,1997,27,전세,61052,0,2024-03-23
역삼동,88.47,27,1988,36,전세,85900,0,2024-02-16
삼성동,62.41,6,2023,1,월세,4980,282,2024-01-02
역삼동,119.83,41,2017,7,전세,58953,0,2024-03-06
청담동,147.4,23,1996,28,전세,103844,0,2024-03-07
대치동,102.0,31,2005,19,전세,101061,0,2024-01-02
압구정동,139.42,4,1987,37,전세,104628,0,2024-03-21
삼성동,126.96,31,2005,19,전세,144910,0,2024-03-28
청담동,114.61,28,1998,26,월세,4566,121,2024-01-04
삼성동,104.02,31,1981,43,전세,135299,0,2024-02-25
역삼동,136.88,36,2000,24,월세,2521,283,2024-01-26
압구정동,143.28,19,2006,18,전세,129219,0,2024-02-11
역삼동,81.34,13,2011,13,전세,84665,0,2024-03-27
대치동,141.68,9,1986,38,전세,74117,0,2024-02-06
청담동,100.58,19,1992,32,전세,82990,0,2024-02-06
압구정동,89.36,42,2000,24,전세,135571,0,2024-03-15
청담동,66.64,3,1983,41,월세,3468,101,2024-02-14
삼성동,60.07,36,2004,20,전세,70950,0,2024-01-01
삼성동,94.78,9,2003,21,전세,48574,0,2024-02-05
삼성동,68.57,30,1997,27,전세,83414,0,2024-02-19
삼성동,90.08,20,2021,3,월세,2215,125,2024-01-11
역삼동,120.75,13,2012,12,전세,72839,0,2024-02-23
삼성동,120.83,43,1989,35,전세,55129,0,2024-01-04
대치동,61.17,16,1984,40,전세,71730,0,2024-02-21
대치동,89.09,2,2018,6,전세,59913,0,2024-02-27
삼성동,65.32,8,2019,5,월세,2642,148,2024-03-21
역삼동,52.31,44,1989,35,전세,49236,0,2024-02-24
압구정동,120.73,27,2002,22,전세,52238,0,2024-02-28
역삼동,77.07,3,1982,42,전세,121207,0,2024-01-24
대치동,71.76,15,2001,23,전세,117212,0,2024-02-09
삼성동,105.8,36,2014,10,월세,4219,291,2024-01-12
삼성동,119.25,19,1984,40,월세,1669,140,2024-03-26
삼성동,131.68,44,2002,22,전세,37551,0,2024-01-11
압구정동,94.16,41,2016,8,전세,145499,0,2024-02-02
삼성동,113.81,33,1999,25,전세,86566,0,2024-02-17
압구정동,94.23,22,2018,6,전세,126414,0,2024-03-15
청담동,65.24,14,1989,35,전세,58504,0,2024-03-05
삼성동,86.02,36,2015,9,월세,2368,275,2024-03-01
청담동,104.31,19,2002,22,전세,122569,0,2024-02-20
대치동,94.58,6,1982,42,전세,128282,0,2024-02-15
역삼동,73.82,17,2021,3,전세,137821,0,2024-02-07
역삼동,109.73,13,2024,0,전세,49625,0,2024-01-04
압구정동,143.39,13,1992,32,전세,55896,0,2024-01-13
삼성동,126.93,7,1999,25,전세,32104,0,2024-01-21
대치동,99.85,20,1996,28,월세,2089,59,2024-01-06
대치동,110.14,7,2009,15,전세,105798,0,2024-02-23
청담동,94.05,23,2023,1,전세,68122,0,2024-03-05
삼성동,89.53,3,1984,40,전세,135825,0,2024-03-26
청담동,132.26,28,2006,18,월세,2208,203,2024-01-24
압구정동,139.73,27,1996,28,월세,4292,144,2024-01-06
역삼동,107.55,1,2022,2,월세,3487,95,2024-02-17
역삼동,136.04,40,2022,2,월세,4071,124,2024-02-21
압구정동,88.42,36,1991,33,전세,58834,0,2024-01-19
대치동,90.41,42,1987,37,월세,1464,56,2024-01-14
압구정동,56.92,13,1986,38,전세,74691,0,2024-03-25
압구정동,82.92,43,2024,0,전세,112041,0,2024-01-02
삼성동,127.93,40,1984,40,전세,140571,0,2024-03-20
삼성동,136.55,43,2015,9,전세,132851,0,2024-03-01
청담동,129.98,27,2014,10,전세,41185,0,2024-03-26
압구정동,73.02,41,2014,10,전세,84427,0,2024-01-14
압구정동,103.34,25,2010,14,월세,3817,112,2024-03-02
청담동,127.95,37,2013,11,월세,1444,187,2024-01-07
대치동,99.26,37,2023,1,전세,109496,0,2024-02-06
삼성동,88.0,39,1986,38,전세,136812,0,2024-03-14
삼성동,126.98,20,1997,27,월세,3873,268,2024-02-07
역삼동,92.42,34,2009,15,전세,51333,0,2024-03-10
역삼동,92.19,35,2011,13,월세,3828,185,2024-02-17
대치동,81.37,43,2009,15,전세,115920,0,2024-01-02
삼성동,92.04,26,1998,26,전세,140769,0,2024-02-18
대치동,142.25,20,1997,27,월세,1592,195,2024-02-03
압구정동,103.96,41,2024,0,월세,3834,118,2024-02-15
삼성동,82.45,35,1982,42,전세,65781,0,2024-01-28
압구정동,67.6,42,1993,31,월세,4127,244,2024-01-12
압구정동,140.29,6,1998,26,전세,52631,0,2024-02-28
대치동,102.06,39,1980,44,전세,112829,0,2024-01-06
역삼동,130.04,2,2009,15,전세,127614,0,2024-01-10
삼성동,89.64,10,2003,21,전세,143609,0,2024-01-19
청담동,93.52,7,1989,35,전세,41572,0,2024-01-09
청담동,67.07,42,1991,33,월세,3719,215,2024-01-12
삼성동,103.85,12,2017,7,전세,137077,0,2024-02-10
청담동,94.22,30,1995,29,월세,3142,185,2024-03-19
청담동,93.84,45,2018,6,전세,124913,0,2024-02-17
대치동,95.25,12,2021,3,전세,98335,0,2024-01-10
역삼동,59.06,15,2006,18,전세,97655,0,2024-02-17
압구정동,138.67,44,1981,43,월세,1039,80,2024-01-14
삼성동,118.89,19,2009,15,전세,79896,0,2024-01-05
대치동,87.35,21,1981,43,전세,78871,0,2024-02-17
청담동,80.69,25,2019,5,월세,3326,193,2024-02-26
대치동,141.65,41,1994,30,전세,50443,0,2024-02-01
대치동,79.27,31,2009,15,월세,4678,163,2024-02-17
삼성동,125.57,38,2017,7,월세,1836,223,2024-01-18
청담동,108.0,33,2016,8,전세,36972,0,2024-01-10
대치동,136.26,42,1981,43,월세,2851,287,2024-03-13
압구정동,142.97,26,2015,9,전세,37310,0,2024-02-28
청담동,147.56,9,1981,43,전세,60554,0,2024-01-08
청담동,51.12,29,2019,5,전세,71436,0,2024-03-05
압구정동,105.21,40,2012,12,전세,62021,0,2024-02-25
청담동,144.79,5,2000,24,월세,2995,227,2024-02-23
삼성동,149.38,19,2019,5,전세,75486,0,2024-01-03
역삼동,76.73,18,2012,12,월세,4509,143,2024-01-07
압구정동,62.49,20,2019,5,전세,133112,0,2024-01-07
청담동,124.11,43,2005,19,전세,106432,0,2024-03-01
대치동,94.59,9,1990,34,전세,31750,0,2024-03-23
삼성동,110.37,24,2024,0,전세,137667,0,2024-02-08
역삼동,120.41,16,2015,9,전세,147363,0,2024-01-12
압구정동,114.89,22,2015,9,전세,34483,0,2024-01-24
청담동,58.52,1,2022,2,전세,99896,0,2024-03-04
청담동,119.43,4,2018,6,월세,2166,51,2024-02-04
역삼동,145.2,10,1983,41,월세,3334,70,2024-01-01
역삼동,60.82,2,2024,0,전세,82108,0,2024-03-13
청담동,81.44,4,2010,14,전세,119405,0,2024-01-01
압구정동,99.45,31,2022,2,월세,2820,256,2024-03-18
청담동,90.78,32,1990,34,월세,3841,76,2024-03-28
대치동,66.92,15,1986,38,전세,62622,0,2024-02-02
대치동,98.0,4,1985,39,전세,41533,0,2024-03-04
역삼동,103.77,6,2020,4,전세,104317,0,2024-02-04
청담동,71.93,13,2014,10,전세,67409,0,2024-01-26
삼성동,73.23,44,1984,40,월세,3870,60,2024-03-12
청담동,142.94,38,2023,1,월세,4422,94,2024-03-06
삼성동,100.24,33,2005,19,전세,121758,0,2024-02-25
대치동,101.73,45,1992,32,월세,3106,99,2024-02-01
대치동,65.21,19,1996,28,전세,70829,0,2024-01-10
대치동,90.31,40,2024,0,전세,137289,0,2024-01-06
삼성동,113.94,27,2002,22,전세,92758,0,2024-02-11
삼성동,140.36,5,2021,3,전세,123446,0,2024-01-09
대치동,102.82,27,2021,3,전세,74331,0,2024-02-23
역삼동,84.33,42,2020,4,월세,4141,248,2024-03-12
삼성동,146.39,21,2016,8,전세,33631,0,2024-01-11
역삼동,125.84,36,1983,41,전세,94886,0,2024-02-19
압구정동,97.01,33,2001,23,전세,134697,0,2024-01-03
청담동,87.53,30,1995,29,전세,53033,0,2024-03-13
청담동,122.58,11,1989,35,전세,130517,0,2024-02-04
대치동,149.61,13,1991,33,전세,38525,0,2024-02-25
청담동,133.83,2,2000,24,전세,121336,0,2024-01-03
역삼동,62.53,25,2008,16,전세,144289,0,2024-01-15
삼성동,74.13,41,1996,28,전세,56804,0,2024-02-10
삼성동,122.0,42,2015,9,전세,76085,0,2024-01-15
역삼동,95.95,21,1991,33,전세,66664,0,2024-03-02
삼성동,73.28,16,2003,21,전세,53068,0,2024-03-22
역삼동,142.42,38,2021,3,전세,58112,0,2024-02-18
삼성동,139.3,11,1982,42,전세,119055,0,2024-03-22
대치동,115.43,18,2019,5,월세,4970,206,2024-03-21
청담동,134.7,31,1981,43,월세,4024,101,2024-03-21
압구정동,109.08,34,1985,39,월세,3895,92,2024-01-21
대치동,86.63,20,2001,23,전세,145619,0,2024-02-25
삼성동,138.41,43,2024,0,전세,103724,0,2024-01-03
청담동,124.36,11,1992,32,월세,4171,101,2024-03-22
삼성동,98.39,17,2018,6,월세,4555,267,2024-01-09
청담동,118.34,30,1992,32,전세,94259,0,2024-02-26
삼성동,117.08,8,2013,11,전세,48865,0,2024-01-04
대치동,104.35,3,2007,17,전세,130522,0,2024-03-21
역삼동,95.29,36,1997,27,전세,89580,0,2024-01-22
역삼동,117.73,18,1987,37,월세,4265,128,2024-02-06
삼성동,127.67,25,2013,11,전세,112678,0,2024-03-17
역삼동,78.69,26,1990,34,전세,87309,0,2024-02-03
청담동,87.2,44,2011,13,전세,130084,0,2024-02-27
청담동,51.7,37,1995,29,전세,137434,0,2024-02-23
삼성동,123.17,9,2014,10,전세,121842,0,2024-01-27
삼성동,76.91,8,2014,10,전세,68392,0,2024-01-28
역삼동,80.58,45,1986,38,월세,3888,229,2024-01-19
대치동,98.56,24,2003,21,전세,122024,0,2024-02-08
청담동,56.26,1,2009,15,전세,100330,0,2024-02-28
역삼동,78.35,22,1990,34,전세,115125,0,2024-03-02
역삼동,143.91,33,2013,11,전세,59015,0,2024-03-12
청담동,62.83,40,2014,10,월세,4464,174,2024-01-23
삼성동,93.5,19,1989,35,전세,92504,0,2024-01-08
압구정동,61.61,20,2003,21,전세,57079,0,2024-03-18
청담동,130.79,37,2008,16,전세,100406,0,2024-02-23
삼성동,133.91,34,2024,0,전세,36769,0,2024-02-27
삼성동,64.31,42,2017,7,전세,53164,0,2024-02-22
삼성동,51.61,39,2017,7,전세,59628,0,2024-01-04
대치동,95.65,45,1995,29,전세,75974,0,2024-03-26
대치동,53.75,9,2008,16,전세,39956,0,2024-03-03
삼성동,85.88,6,2003,21,전세,62769,0,2024-03-15
삼성동,102.44,29,1994,30,월세,3374,97,2024-01-07
대치동,119.77,38,2024,0,전세,69461,0,2024-01-20
대치동,125.49,18,1982,42,전세,134380,0,2024-02-13
압구정동,73.08,40,1986,38,월세,3224,297,2024-01-27
삼성동,95.95,24,2010,14,전세,144350,0,2024-03-23
압구정동,128.68,31,1993,31,전세,77558,0,2024-02-20
압구정동,95.55,38,1998,26,전세,102367,0,2024-02-26
청담동,93.46,4,2000,24,월세,2675,206,2024-02-12
압구정동,118.29,33,2002,22,월세,4221,294,2024-02-26
역삼동,85.65,10,1987,37,월세,4327,56,2024-02-19
삼성동,53.96,28,1982,42,전세,68913,0,2024-02-10
대치동,115.34,35,1987,37,월세,2278,230,2024-03-11
역삼동,142.61,42,1981,43,전세,47330,0,2024-03-20
삼성동,127.72,30,1982,42,전세,136402,0,2024-03-08
삼성동,59.84,38,2005,19,전세,125438,0,2024-03-25
압구정동,50.36,28,2014,10,전세,95880,0,2024-01-05
압구정동,133.83,22,2012,12,월세,1591,264,2024-01-22
압구정동,104.61,10,2009,15,월세,1688,292,2024-01-04
대치동,149.41,37,2023,1,월세,2190,191,2024-01-01
역삼동,147.89,11,2008,16,전세,141169,0,2024-01-22
역삼동,94.97,31,2007,17,월세,3420,149,2024-03-22
대치동,123.11,4,2006,18,전세,90496,0,2024-01-03
대치동,124.52,21,2007,17,월세,4720,216,2024-02-15
삼성동,92.25,6,2015,9,전세,113810,0,2024-01-25
역삼동,54.77,37,2010,14,전세,95624,0,2024-02-13
삼성동,80.87,16,2011,13,월세,3825,194,2024-03-10
대치동,57.55,44,1992,32,전세,109763,0,2024-02-11
압구정동,148.26,4,1984,40,전세,137609,0,2024-01-27
압구정동,106.52,27,1994,30,전세,139593,0,2024-03-21
대치동,110.11,16,1994,30,전세,132314,0,2024-02-23
삼성동,58.79,36,1996,28,월세,1597,255,2024-03-12
대치동,136.35,11,2023,1,월세,3417,124,2024-02-23
압구정동,61.55,37,2010,14,월세,4822,192,2024-01-25
대치동,57.88,14,1990,34,월세,2767,203,2024-01-28
대치동,86.26,23,2018,6,전세,120671,0,2024-01-22
압구정동,110.05,6,2019,5,월세,2663,67,2024-01-14
삼성동,130.89,12,1986,38,전세,75315,0,2024-03-12
청담동,145.53,5,2005,19,월세,2802,211,2024-03-26
역삼동,63.18,32,1982,42,월세,2040,285,2024-01-23
대치동,147.72,28,1996,28,월세,1420,292,2024-01-02
삼성동,122.07,34,2006,18,전세,84971,0,2024-03-02
삼성동,85.72,5,2023,1,월세,3885,138,2024-03-15
삼성동,99.15,12,1988,36,전세,149880,0,2024-01-16
역삼동,90.77,1,1999,25,전세,132613,0,2024-03-07
삼성동,96.51,3,2014,10,전세,53494,0,2024-02-27
청담동,115.46,23,2018,6,월세,2892,147,2024-03-25
대치동,114.67,37,2019,5,전세,92081,0,2024-02-25
삼성동,76.02,33,1980,44,전세,84359,0,2024-01-27
대치동,123.12,36,2004,20,전세,134009,0,2024-02-01
삼성동,100.99,19,2024,0,전세,74251,0,2024-02-07
삼성동,116.5,38,2009,15,전세,87826,0,2024-03-02
압구정동,143.45,30,2015,9,월세,4655,132,2024-01-18
대치동,119.3,27,1990,34,전세,117017,0,2024-02-05
청담동,92.88,29,2021,3,전세,58341,0,2024-03-07
청담동,78.06,4,2009,15,전세,138592,0,2024-02-28
역삼동,140.37,29,2019,5,전세,124319,0,2024-03-11
역삼동,122.88,45,2007,17,월세,2258,148,2024-02-13
대치동,125.77,36,1999,25,월세,1313,193,2024-03-16
삼성동,64.26,30,1998,26,전세,119781,0,2024-02-02
대치동,99.39,43,2003,21,전세,121342,0,2024-01-07
역삼동,120.04,22,2017,7,월세,2341,181,2024-02-10
대치동,87.56,41,1990,34,월세,4714,114,2024-03-25
압구정동,81.37,36,1986,38,월세,2244,294,2024-02-02
삼성동,96.54,36,1997,27,전세,51693,0,2024-02-14
압구정동,110.53,30,1984,40,전세,117180,0,2024-01-10
대치동,85.44,17,2018,6,전세,138828,0,2024-03-22
대치동,93.65,15,1984,40,월세,3405,257,2024-01-07
청담동,105.24,13,2023,1,월세,2854,203,2024-02-10
삼성동,109.24,20,1982,42,전세,35538,0,2024-03-20
압구정동,130.95,8,2023,1,월세,2097,130,2024-03-04
청담동,87.98,36,1981,43,전세,31762,0,2024-02-19
삼성동,74.39,32,2000,24,월세,1975,160,2024-03-26
압구정동,90.75,42,1996,28,전세,118200,0,2024-02-26
역삼동,130.31,9,2013,11,전세,111818,0,2024-02-01
역삼동,50.64,22,1987,37,전세,81962,0,2024-03-03
대치동,145.75,42,1986,38,전세,79843,0,2024-03-27
압구정동,75.7,33,1997,27,전세,103402,0,2024-02-24
청담동,98.93,31,1985,39,월세,3507,108,2024-03-03
삼성동,50.59,10,2020,4,월세,3852,282,2024-01-28
역삼동,50.98,14,1988,36,전세,137131,0,2024-03-24
역삼동,94.23,25,1994,30,전세,63840,0,2024-03-01
역삼동,127.67,36,1996,28,전세,76005,0,2024-03-28
대치동,99.92,20,2020,4,전세,45600,0,2024-02-20
삼성동,73.27,42,2007,17,전세,75167,0,2024-03-17
대치동,74.88,3,1989,35,전세,35676,0,2024-01-13
역삼동,53.53,26,1982,42,월세,1677,118,2024-02-21
압구정동,55.06,20,2020,4,전세,107392,0,2024-02-24
삼성동,106.15,14,2008,16,전세,68642,0,2024-03-26
청담동,116.62,26,2017,7,전세,33456,0,2024-03-01
압구정동,96.21,40,1987,37,월세,2547,185,2024-01-09
역삼동,129.45,12,1985,39,월세,1541,197,2024-02-07
압구정동,126.56,33,2001,23,전세,44988,0,2024-02-02
대치동,124.34,10,2014,10,전세,139142,0,2024-03-21
청담동,103.45,44,2022,2,전세,55098,0,2024-03-18
대치동,125.96,38,1983,41,전세,45508,0,2024-03-27
역삼동,143.12,23,1996,28,월세,4126,184,2024-01-25
역삼동,76.64,14,2014,10,월세,1304,177,2024-01-13
청담동,147.3,15,1991,33,월세,1626,139,2024-01-12
압구정동,57.81,6,1986,38,전세,147892,0,2024-03-17
압구정동,135.24,8,2000,24,월세,2757,213,2024-01-22
대치동,97.27,27,2005,19,월세,2741,75,2024-03-05
대치동,78.8,31,2014,10,전세,97921,0,2024-03-23
청담동,130.32,29,2022,2,전세,149509,0,2024-01-12
삼성동,88.34,14,1981,43,전세,143017,0,2024-03-17
압구정동,102.21,19,1982,42,전세,52772,0,2024-02-02
대치동,108.54,40,2002,22,전세,121516,0,2024-03-16
압구정동,57.43,18,2016,8,전세,126177,0,2024-02-07
삼성동,140.1,35,2012,12,전세,47197,0,2024-02-19
청담동,140.68,30,2008,16,전세,59292,0,2024-01-25
압구정동,138.51,32,2019,5,월세,4996,246,2024-01-24
청담동,72.26,41,1990,34,전세,110449,0,2024-02-03
역삼동,112.36,2,2011,13,전세,93201,0,2024-02-17
압구정동,52.01,30,1995,29,전세,127762,0,2024-01-03
대치동,93.17,24,2011,13,전세,117232,0,2024-01-22
청담동,64.51,20,2004,20,전세,63374,0,2024-02-18
역삼동,131.46,37,2007,17,전세,92867,0,2024-01-27
삼성동,132.13,34,1984,40,전세,41008,0,2024-03-11
역삼동,79.02,33,1984,40,전세,95829,0,2024-01-03
역삼동,81.51,35,2005,19,전세,134830,0,2024-02-06
삼성동,117.53,44,1990,34,전세,141897,0,2024-01-05
압구정동,73.69,34,1996,28,전세,34081,0,2024-03-19
삼성동,148.1,12,1980,44,월세,4192,120,2024-03-26
압구정동,57.42,26,1990,34,전세,58856,0,2024-01-25
역삼동,122.91,32,2017,7,전세,61899,0,2024-01-16
압구정동,88.8,39,2021,3,전세,34394,0,2024-03-03
청담동,61.01,29,2016,8,전세,134978,0,2024-02-10
압구정동,131.42,23,1994,30,전세,140324,0,2024-03-06
삼성동,65.34,32,1988,36,전세,98955,0,2024-02-11
삼성동,142.32,30,2005,19,전세,33234,0,2024-01-15
대치동,88.59,23,1984,40,전세,129323,0,2024-02-17
대치동,134.8,19,2001,23,전세,138243,0,2024-01-20
삼성동,63.58,40,1989,35,전세,99672,0,2024-03-04
청담동,113.35,2,2012,12,월세,3493,284,2024-01-27
삼성동,123.38,41,2003,21,전세,141194,0,2024-03-24
압구정동,108.43,41,2017,7,전세,111737,0,2024-02-14
삼성동,140.5,17,1991,33,월세,1259,268,2024-02-09
역삼동,106.62,14,2009,15,전세,123102,0,2024-02-05
대치동,91.88,31,2018,6,전세,145552,0,2024-02-15
대치동,64.42,12,2015,9,월세,1750,142,2024-03-17
대치동,101.41,7,1980,44,전세,120208,0,2024-02-09
역삼동,135.49,43,1988,36,전세,36174,0,2024-03-20
삼성동,108.07,20,2019,5,월세,4959,253,2024-01-06
삼성동,136.02,44,2012,12,전세,49656,0,2024-03-05
청담동,128.42,23,2024,0,전세,145371,0,2024-01-19
청담동,59.98,3,1981,43,전세,100175,0,2024-01-12
압구정동,51.53,10,2002,22,전세,80368,0,2024-03-28
역삼동,90.71,12,1982,42,전세,37624,0,2024-02-26
대치동,136.69,5,2004,20,전세,124360,0,2024-03-02
대치동,140.78,24,2006,18,전세,146681,0,2024-01-20
삼성동,114.31,10,2015,9,전세,40257,0,2024-02-03
삼성동,133.81,16,1997,27,전세,31382,0,2024-02-17
삼성동,63.74,39,2021,3,월세,1273,205,2024-03-03
압구정동,114.65,37,2000,24,전세,121696,0,2024-01-28
역삼동,85.18,34,2002,22,월세,1442,170,2024-03-14
삼성동,61.71,28,1991,33,전세,82727,0,2024-02-09
압구정동,129.6,21,2013,11,전세,108622,0,2024-03-26
삼성동,86.64,6,2003,21,전세,118047,0,2024-03-05
대치동,63.15,6,1999,25,월세,1323,247,2024-03-16
삼성동,100.95,45,2015,9,월세,1049,212,2024-01-13
역삼동,105.62,34,2001,23,전세,148367,0,2024-03-05
청담동,92.6,16,1986,38,월세,2513,202,2024-01-28
삼성동,96.41,44,2008,16,월세,1810,148,2024-02-13
대치동,55.22,1,2011,13,전세,35792,0,2024-02-20
역삼동,141.01,20,1985,39,전세,129039,0,2024-03-14
압구정동,52.52,42,1990,34,전세,98657,0,2024-02-06
청담동,53.25,35,2007,17,월세,4394,202,2024-02-22
역삼동,71.39,31,1999,25,전세,53853,0,2024-01-27
삼성동,61.02,21,1983,41,월세,1597,56,2024-01-10
역삼동,135.91,6,1991,33,전세,45803,0,2024-02-06
대치동,102.41,23,2015,9,전세,41536,0,2024-03-11
삼성동,134.31,45,2000,24,전세,105774,0,2024-01-16
역삼동,52.47,17,2001,23,전세,133883,0,2024-01-13
역삼동,116.55,23,2012,12,전세,114819,0,2024-02-19
대치동,117.16,39,1990,34,전세,63835,0,2024-02-20
청담동,51.5,15,1998,26,전세,125471,0,2024-03-27
압구정동,148.77,8,1990,34,전세,148380,0,2024-01-08
역삼동,93.59,22,2017,7,월세,4946,215,2024-01-07
압구정동,123.73,4,2004,20,전세,39807,0,2024-03-21
삼성동,64.69,18,2007,17,월세,4120,95,2024-01-15
청담동,99.05,44,2015,9,전세,112513,0,2024-01-18
청담동,138.33,12,2000,24,전세,124884,0,2024-03-27
청담동,60.54,15,1992,32,전세,75655,0,2024-01-16
삼성동,149.51,2,2008,16,전세,149438,0,2024-03-18
압구정동,95.22,42,1999,25,월세,4405,273,2024-02-28
삼성동,86.71,28,2011,13,월세,3260,194,2024-01-24
압구정동,91.06,31,1987,37,전세,103626,0,2024-03-06
역삼동,126.77,17,2021,3,전세,59832,0,2024-03-02
대치동,83.27,3,1985,39,전세,94754,0,2024-03-24
청담동,146.41,45,1989,35,월세,2693,300,2024-01-17
압구정동,108.69,17,1984,40,전세,46341,0,2024-01-27
삼성동,72.38,45,2021,3,전세,70756,0,2024-03-10
역삼동,55.61,17,2021,3,월세,1962,255,2024-03-12
대치동,92.7,23,2007,17,월세,3909,191,2024-01-09
청담동,59.37,16,1984,40,전세,35511,0,2024-03-01
압구정동,75.69,12,2006,18,월세,4736,173,2024-01-27
압구정동,102.18,16,2004,20,월세,3365,65,2024-02-10
청담동,145.11,13,1999,25,전세,91726,0,2024-02-14
대치동,135.22,18,1995,29,전세,51371,0,2024-02-03
역삼동,128.13,9,2014,10,전세,33362,0,2024-01-01
대치동,141.06,38,2013,11,전세,31958,0,2024-02-15
삼성동,52.82,16,2011,13,전세,107110,0,2024-03-28
삼성동,137.93,33,2018,6,전세,48945,0,2024-03-23
역삼동,101.62,7,1997,27,전세,137614,0,2024-03-09
역삼동,128.91,38,2012,12,전세,85207,0,2024-01-18
청담동,108.61,5,2019,5,전세,129143,0,2024-01-10
역삼동,98.3,1,1983,41,전세,120565,0,2024-01-25
압구정동,98.77,14,2008,16,전세,38016,0,2024-01-06
청담동,64.85,18,1985,39,전세,66421,0,2024-03-28
압구정동,91.45,5,2014,10,전세,135009,0,2024-02-12
삼성동,112.82,44,2024,0,월세,3402,156,2024-02-24
대치동,121.83,36,2012,12,전세,49786,0,2024-03-11
대치동,63.98,22,1988,36,전세,34933,0,2024-01-05
삼성동,144.79,7,1991,33,전세,103478,0,2024-01-09
압구정동,132.93,28,2018,6,전세,139202,0,2024-02-25
압구정동,56.06,4,2002,22,전세,40161,0,2024-01-18
대치동,111.11,25,1984,40,전세,69068,0,2024-03-14
역삼동,84.65,8,1998,26,전세,125602,0,2024-02-15
삼성동,78.77,2,2004,20,월세,2084,52,2024-02-07
삼성동,95.58,4,1999,25,전세,132269,0,2024-03-25
삼성동,94.48,16,1994,30,전세,78016,0,2024-03-18
압구정동,130.5,44,2019,5,전세,147764,0,2024-03-13
대치동,103.7,9,2009,15,전세,58184,0,2024-02-21
압구정동,60.19,40,2011,13,전세,130275,0,2024-01-01
압구정동,110.66,17,1980,44,월세,2219,164,2024-02-03
압구정동,52.54,16,2015,9,전세,62545,0,2024-02-18
대치동,97.42,22,2001,23,전세,126750,0,2024-02-27
대치동,79.22,20,1983,41,월세,1030,160,2024-01-21
압구정동,132.01,37,1994,30,전세,137675,0,2024-03-24
청담동,96.31,43,2020,4,전세,36377,0,2024-02-19
압구정동,93.27,27,1982,42,전세,57493,0,2024-03-12
압구정동,105.82,35,2016,8,전세,98672,0,2024-03-25
대치동,79.63,21,1997,27,전세,132319,0,2024-02-22
삼성동,69.14,3,2002,22,전세,143060,0,2024-02-28
삼성동,112.28,13,1991,33,월세,2476,249,2024-03-03
삼성동,60.47,34,2024,0,월세,1722,209,2024-03-24
대치동,141.51,30,2018,6,월세,4925,245,2024-01-25
압구정동,137.64,18,2012,12,전세,69330,0,2024-02-07
대치동,121.13,41,1981,43,월세,3225,244,2024-01-12
삼성동,106.31,14,1993,31,월세,1478,293,2024-02-11
청담동,57.35,34,2019,5,월세,4454,163,2024-01-05
삼성동,117.82,2,2014,10,전세,109055,0,2024-01-10
청담동,79.53,19,2015,9,월세,3056,269,2024-01-22
삼성동,72.24,22,2011,13,전세,142600,0,2024-03-19
압구정동,136.95,44,1996,28,전세,81180,0,2024-01-04
청담동,50.67,44,2010,14,월세,1565,126,2024-02-02
역삼동,102.11,3,1986,38,전세,107967,0,2024-02-17
청담동,129.11,16,2023,1,월세,1678,232,2024-03-17
압구정동,78.8,19,2011,13,전세,77544,0,2024-03-15
압구정동,83.08,42,1998,26,월세,2604,294,2024-03-23
압구정동,80.83,32,1998,26,전세,59525,0,2024-03-22
대치동,66.8,16,1988,36,전세,141203,0,2024-01-14
압구정동,101.72,16,1992,32,월세,3370,248,2024-01-19
청담동,109.33,23,1981,43,전세,93791,0,2024-03-18
대치동,138.85,40,1989,35,전세,140359,0,2024-02-23
압구정동,129.22,27,2005,19,전세,97859,0,2024-01-12
대치동,109.87,34,1986,38,전세,93011,0,2024-01-28
삼성동,114.01,30,2008,16,전세,31144,0,2024-03-28
청담동,121.92,43,2020,4,전세,135221,0,2024-01-13
청담동,99.24,17,2024,0,전세,131862,0,2024-01-13
대치동,144.11,15,2016,8,전세,41665,0,2024-03-01
대치동,135.49,26,2006,18,월세,4975,173,2024-02-02
청담동,88.75,44,2007,17,월세,3645,235,2024-02-11
역삼동,139.98,25,2020,4,전세,124527,0,2024-03-20
삼성동,54.25,40,2009,15,전세,97318,0,2024-01-03
압구정동,76.01,33,1987,37,월세,1219,255,2024-02-08
역삼동,102.3,13,2023,1,전세,75515,0,2024-02-10
삼성동,123.69,30,2001,23,전세,57550,0,2024-03-08
역삼동,59.62,13,2016,8,월세,1156,214,2024-02-12
역삼동,116.0,15,1999,25,전세,103123,0,2024-01-05
청담동,139.02,12,2013,11,전세,54869,0,2024-02-20
대치동,95.83,2,1987,37,월세,1850,271,2024-03-11
청담동,58.65,12,1982,42,월세,2555,214,2024-03-20
역삼동,76.37,4,1999,25,전세,39393,0,2024-01-04
압구정동,103.24,12,2015,9,전세,51989,0,2024-01-25
삼성동,99.02,10,1989,35,전세,63822,0,2024-01-19
역삼동,148.01,4,1999,25,전세,101040,0,2024-03-23
역삼동,108.01,7,2016,8,전세,148635,0,2024-03-19
청담동,138.36,14,1984,40,전세,40975,0,2024-03-03
대치동,119.76,29,2008,16,월세,4332,241,2024-02-09
압구정동,66.15,4,2004,20,전세,69251,0,2024-02-26
청담동,92.35,37,2016,8,월세,2829,78,2024-02-28
대치동,109.2,9,2014,10,전세,46202,0,2024-03-23
삼성동,125.17,5,2010,14,전세,146784,0,2024-02-25
삼성동,135.11,8,2023,1,월세,1230,123,2024-01-01
압구정동,87.33,30,1996,28,전세,50789,0,2024-02-18
역삼동,144.94,26,2021,3,전세,104523,0,2024-02-12
압구정동,101.32,17,2017,7,월세,1047,263,2024-02-02
압구정동,93.75,44,1986,38,전세,85181,0,2024-01-18
압구정동,64.2,40,2004,20,전세,81660,0,2024-01-21
역삼동,54.88,4,2005,19,월세,4429,125,2024-03-04
압구정동,105.27,2,1982,42,전세,97743,0,2024-01-27
청담동,115.66,28,2021,3,월세,2671,85,2024-01-17
삼성동,81.74,33,2017,7,전세,128067,0,2024-03-16
청담동,125.64,43,2001,23,전세,110300,0,2024-01-17
대치동,83.29,27,2023,1,월세,2490,250,2024-03-23
삼성동,141.54,19,2008,16,월세,4493,164,2024-01-10
압구정동,133.98,45,1980,44,전세,100979,0,2024-02-17
대치동,130.74,37,2018,6,전세,144735,0,2024-03-03
압구정동,142.44,35,2009,15,월세,3681,201,2024-03-22
삼성동,120.11,3,1997,27,전세,125989,0,2024-02-10
압구정동,131.7,4,1997,27,전세,118257,0,2024-02-04
압구정동,120.37,15,2012,12,월세,1233,250,2024-02-15
대치동,54.29,39,2019,5,전세,81388,0,2024-02-09
역삼동,112.0,13,1986,38,전세,109356,0,2024-02-03
압구정동,122.29,32,2003,21,월세,4224,80,2024-03-22
압구정동,103.6,20,1991,33,전세,33955,0,2024-02-20
대치동,85.47,33,1996,28,전세,44610,0,2024-03-02
압구정동,95.07,9,1987,37,전세,103456,0,2024-01-27
삼성동,148.55,22,1994,30,월세,2914,273,2024-02-25
대치동,116.3,13,1997,27,월세,4596,223,2024-03-07
청담동,117.02,23,2016,8,전세,101467,0,2024-03-10
압구정동,75.29,15,2010,14,월세,4311,294,2024-01-19
청담동,50.28,4,1997,27,전세,53809,0,2024-01-04
압구정동,125.8,44,1993,31,월세,4773,265,2024-01-02
압구정동,67.13,1,2023,1,월세,4497,297,2024-03-04
압구정동,96.2,12,2000,24,월세,3729,99,2024-03-09
삼성동,113.89,42,1993,31,전세,49034,0,2024-02-15
압구정동,68.55,3,2002,22,전세,68755,0,2024-01-22
청담동,108.62,28,2001,23,월세,2707,180,2024-02-16
청담동,60.27,39,1982,42,전세,119913,0,2024-01-01
압구정동,124.13,13,1995,29,전세,132741,0,2024-03-08
압구정동,90.59,34,1991,33,전세,60108,0,2024-03-26
청담동,101.61,40,1983,41,전세,55883,0,2024-02-03
대치동,129.01,35,1989,35,전세,47237,0,2024-03-11
역삼동,79.72,19,1998,26,전세,100285,0,2024-01-18
대치동,134.5,25,2021,3,전세,61102,0,2024-03-02
청담동,127.38,36,2016,8,전세,39968,0,2024-02-10
역삼동,135.55,44,1999,25,월세,3013,168,2024-03-11
삼성동,87.48,25,1985,39,전세,36160,0,2024-03-26
청담동,76.43,4,1983,41,전세,64288,0,2024-02-07
청담동,119.88,4,1985,39,월세,2646,111,2024-02-12
대치동,101.73,23,1982,42,전세,107634,0,2024-02-05
대치동,91.85,5,1985,39,전세,76552,0,2024-01-25
삼성동,90.62,26,1981,43,전세,54075,0,2024-02-12
청담동,91.7,21,1999,25,전세,119832,0,2024-01-05
압구정동,62.41,1,1997,27,전세,109002,0,2024-02-28
대치동,143.6,43,1987,37,전세,111659,0,2024-02-25
청담동,134.18,29,1983,41,전세,134750,0,2024-03-18
삼성동,129.77,26,2013,11,전세,72942,0,2024-03-17
대치동,142.68,23,2006,18,전세,102889,0,2024-02-12
대치동,59.89,37,1983,41,전세,43032,0,2024-02-18
삼성동,101.59,38,1996,28,전세,122277,0,2024-02-14
압구정동,67.07,16,2001,23,전세,120529,0,2024-03-25
압구정동,114.81,11,2015,9,전세,58478,0,2024-02-04
역삼동,76.46,11,1981,43,월세,1145,209,2024-02-25
역삼동,89.8,34,1995,29,전세,129137,0,2024-01-27
대치동,56.57,4,2008,16,전세,38271,0,2024-03-08
청담동,56.57,30,2008,16,전세,132565,0,2024-01-01
삼성동,104.69,12,2002,22,월세,2858,92,2024-02-11
청담동,113.91,5,2012,12,전세,109685,0,2024-02-18
압구정동,78.35,10,1985,39,월세,2251,216,2024-03-08
역삼동,61.89,14,2007,17,월세,1828,209,2024-02-15
청담동,71.56,44,1994,30,전세,113313,0,2024-01-09
압구정동,65.03,25,2024,0,전세,98632,0,2024-01-27
역삼동,88.46,42,2024,0,전세,80391,0,2024-03-05
삼성동,98.55,11,1991,33,월세,4459,50,2024-02-10
대치동,110.34,31,2006,18,전세,77068,0,2024-02-02
역삼동,100.39,31,2000,24,월세,4399,168,2024-02-02
청담동,75.42,29,2011,13,월세,1312,136,2024-02-19
역삼동,103.86,19,1995,29,전세,142043,0,2024-03-19
역삼동,88.09,10,2004,20,전세,82753,0,2024-02-08
삼성동,82.14,16,2018,6,전세,32003,0,2024-03-19
청담동,51.96,11,2011,13,전세,119997,0,2024-03-27
삼성동,137.81,29,2004,20,전세,141299,0,2024-02-16
역삼동,145.89,11,2019,5,전세,45876,0,2024-03-11
청담동,76.84,40,1985,39,월세,1042,77,2024-03-07
삼성동,106.2,2,1990,34,전세,87376,0,2024-03-16
대치동,129.34,11,2006,18,월세,4990,250,2024-01-20
압구정동,126.46,33,1992,32,전세,75325,0,2024-02-04
청담동,84.1,37,1991,33,전세,115417,0,2024-03-13
역삼동,61.0,6,1982,42,전세,41820,0,2024-01-20
청담동,83.35,15,2018,6,월세,3629,67,2024-02-24
삼성동,65.22,34,2012,12,전세,78060,0,2024-01-16
청담동,123.43,31,1984,40,월세,2328,237,2024-03-17
대치동,131.58,1,1993,31,전세,81545,0,2024-02-11
대치동,145.35,33,2021,3,전세,115643,0,2024-02-21
압구정동,83.44,24,1996,28,월세,4974,189,2024-02-07
압구정동,58.38,38,2001,23,전세,137703,0,2024-01-17
청담동,96.34,19,1993,31,월세,4917,249,2024-03-27
압구정동,135.48,36,1991,33,전세,124784,0,2024-02-17
역삼동,125.7,10,1983,41,전세,74978,0,2024-01-02
청담동,93.36,8,1990,34,월세,3361,88,2024-01-13
대치동,122.38,24,1996,28,전세,93969,0,2024-03-13
대치동,132.81,33,1984,40,월세,4845,99,2024-02-16
대치동,89.78,32,1989,35,월세,4638,225,2024-03-02
압구정동,90.37,39,2016,8,전세,134088,0,2024-02-18
삼성동,113.4,8,1991,33,전세,36614,0,2024-02-02
압구정동,139.4,9,2012,12,월세,1965,223,2024-03-18
역삼동,80.66,41,1999,25,전세,31585,0,2024-01-27
압구정동,120.73,19,1993,31,전세,69544,0,2024-01-10
청담동,122.56,24,1989,35,전세,119168,0,2024-02-16
역삼동,136.86,24,1982,42,월세,1315,109,2024-03-02
압구정동,130.76,9,1987,37,전세,132687,0,2024-01-10
역삼동,129.02,40,2021,3,전세,50699,0,2024-01-08
역삼동,50.25,32,1990,34,전세,135771,0,2024-02-09
압구정동,75.27,4,1985,39,전세,144180,0,2024-02-24
청담동,146.6,30,1984,40,전세,86090,0,2024-01-26
삼성동,103.29,23,1985,39,전세,45310,0,2024-01-26
역삼동,148.09,10,1993,31,전세,40102,0,2024-01-24
압구정동,64.8,17,1990,34,전세,113905,0,2024-01-09
삼성동,97.64,22,2006,18,전세,149121,0,2024-02-21
역삼동,117.72,20,2003,21,월세,1180,272,2024-03-17
역삼동,116.29,39,1998,26,전세,42794,0,2024-01-26
대치동,115.54,34,1982,42,전세,118177,0,2024-02-07
압구정동,144.75,20,1999,25,전세,64055,0,2024-02-22
삼성동,130.26,43,1999,25,전세,135852,0,2024-01-13
대치동,111.53,41,2016,8,월세,4339,156,2024-03-25
삼성동,124.2,11,2006,18,전세,130855,0,2024-02-11
대치동,82.56,30,1997,27,월세,1680,107,2024-02-10
압구정동,65.35,4,1980,44,전세,79519,0,2024-01-07
청담동,54.46,1,2011,13,전세,132224,0,2024-01-13
청담동,93.55,43,2004,20,전세,93120,0,2024-02-14
역삼동,72.34,44,2023,1,월세,1905,178,2024-01-17
삼성동,100.16,33,2010,14,월세,2275,61,2024-01-17
삼성동,131.49,12,1985,39,전세,101192,0,2024-01-06
대치동,84.24,40,1987,37,전세,132536,0,2024-02-18
청담동,63.62,1,1982,42,전세,116010,0,2024-03-14
압구정동,56.05,4,1994,30,월세,2251,249,2024-01-11
청담동,143.35,20,2006,18,전세,129889,0,2024-01-04
압구정동,66.61,44,2022,2,월세,4431,100,2024-02-15
압구정동,141.39,16,2016,8,전세,149969,0,2024-01-17
대치동,64.11,39,1987,37,전세,117679,0,2024-02-23
대치동,101.89,30,1987,37,전세,91784,0,2024-03-02
압구정동,126.43,35,1998,26,전세,102216,0,2024-03-24
역삼동,77.43,6,2005,19,전세,134972,0,2024-02-17
압구정동,97.76,35,1996,28,전세,106959,0,2024-02-21
청담동,82.64,12,1995,29,전세,139187,0,2024-03-14
청담동,84.94,34,1994,30,전세,72821,0,2024-02-10
대치동,110.33,7,1982,42,전세,140948,0,2024-02-15
청담동,131.07,32,1982,42,전세,46423,0,2024-03-14
압구정동,139.25,32,2010,14,월세,4993,188,2024-02-15
삼성동,129.39,14,2019,5,전세,61114,0,2024-02-16
역삼동,140.51,20,2024,0,전세,73870,0,2024-02-14
삼성동,132.8,31,1985,39,전세,84712,0,2024-03-12
삼성동,108.73,13,1996,28,전세,129309,0,2024-02-03
대치동,68.04,28,2021,3,월세,4528,77,2024-01-12
대치동,90.31,21,1981,43,월세,1525,98,2024-02-10
역삼동,112.44,13,2013,11,전세,73809,0,2024-01-01
압구정동,131.13,14,2024,0,전세,82106,0,2024-01-15
대치동,132.04,31,2006,18,전세,147177,0,2024-01-18
역삼동,82.0,2,2006,18,월세,2090,299,2024-02-24
청담동,61.3,11,2012,12,월세,1642,252,2024-02-26
삼성동,96.9,45,1986,38,전세,132529,0,2024-02-04
대치동,133.48,32,2014,10,전세,142557,0,2024-02-18
삼성동,131.51,19,1981,43,전세,144217,0,2024-03-06
청담동,93.66,3,2022,2,월세,2518,254,2024-02-15
역삼동,76.55,7,1993,31,월세,2356,242,2024-03-14
청담동,110.89,16,1980,44,전세,108739,0,2024-03-16
대치동,61.17,42,1981,43,전세,109544,0,2024-01-01
압구정동,115.03,31,2003,21,전세,79493,0,2024-03-23
청담동,107.46,42,2020,4,월세,3626,276,2024-03-16
역삼동,140.95,14,2003,21,전세,39826,0,2024-03-07
압구정동,79.02,10,2000,24,전세,76617,0,2024-01-01
대치동,63.52,5,2015,9,월세,3372,237,2024-01-13
역삼동,101.45,37,2002,22,전세,79406,0,2024-03-26
청담동,63.37,41,1990,34,전세,62816,0,2024-02-05
압구정동,89.95,20,1999,25,전세,60234,0,2024-01-07
역삼동,95.97,13,1986,38,월세,2424,93,2024-02-15
청담동,135.7,21,2004,20,월세,1465,112,2024-01-25
대치동,105.2,21,1995,29,전세,95690,0,2024-02-18
대치동,109.83,16,2006,18,월세,4763,241,2024-03-17
압구정동,83.18,11,2006,18,월세,2449,69,2024-02-19
대치동,134.84,42,2004,20,전세,61034,0,2024-03-16
대치동,126.65,3,2018,6,월세,3407,249,2024-03-16
청담동,126.91,38,1987,37,전세,36160,0,2024-03-16
대치동,105.87,16,2005,19,월세,2369,185,2024-02-11
청담동,78.82,14,1980,44,월세,1801,60,2024-03-20
삼성동,135.54,15,1981,43,월세,4570,231,2024-01-22
삼성동,67.28,31,1986,38,전세,57566,0,2024-01-02
대치동,136.03,27,2021,3,월세,4711,266,2024-03-04
청담동,140.73,33,1988,36,월세,4545,297,2024-01-19
대치동,149.29,28,1993,31,전세,120269,0,2024-03-04
대치동,94.87,26,2012,12,전세,135640,0,2024-02-21
대치동,53.15,15,2010,14,전세,86371,0,2024-03-04
압구정동,111.76,25,1983,41,월세,3501,228,2024-02-28
역삼동,143.69,21,1994,30,전세,50936,0,2024-02-18
청담동,64.1,11,2011,13,전세,100942,0,2024-01-18
대치동,59.58,34,2020,4,전세,110745,0,2024-03-06
청담동,90.18,25,1997,27,전세,139827,0,2024-02-04
삼성동,77.26,35,1983,41,전세,75732,0,2024-02-23
삼성동,51.24,36,1986,38,전세,75514,0,2024-03-25
대치동,92.79,32,1991,33,전세,80842,0,2024-03-17
삼성동,68.36,14,1999,25,월세,3368,136,2024-01-25
대치동,99.75,9,1984,40,전세,31106,0,2024-01-25
대치동,55.04,25,2021,3,전세,63615,0,2024-03-25
압구정동,99.49,19,2007,17,전세,131278,0,2024-01-28
청담동,74.78,19,2011,13,전세,118219,0,2024-01-26
대치동,57.75,44,1996,28,전세,73053,0,2024-02-11
청담동,95.95,13,2024,0,전세,80951,0,2024-02-27
대치동,57.33,37,2008,16,전세,30252,0,2024-01-19
삼성동,90.48,24,1984,40,전세,38511,0,2024-03-02
역삼동,62.31,28,2022,2,전세,73878,0,2024-01-20
청담동,126.77,39,2010,14,전세,126956,0,2024-03-03
역삼동,60.37,25,1991,33,전세,42061,0,2024-03-20
청담동,123.43,42,1985,39,월세,1463,260,2024-03-20
역삼동,143.34,5,2015,9,전세,41920,0,2024-01-18
삼성동,66.71,15,1999,25,월세,4841,109,2024-01-24
청담동,53.48,5,2019,5,전세,112537,0,2024-03-17
압구정동,63.44,37,1996,28,월세,2118,159,2024-03-09
압구정동,113.75,11,1988,36,전세,139612,0,2024-01-11
청담동,94.03,41,2018,6,월세,1782,177,2024-03-18
삼성동,58.46,19,1990,34,전세,142701,0,2024-03-14
대치동,149.45,10,1984,40,전세,70165,0,2024-03-22
압구정동,65.15,41,2018,6,월세,2886,266,2024-03-13
삼성동,119.02,7,2021,3,전세,119613,0,2024-03-27
역삼동,81.47,9,2024,0,전세,120106,0,2024-02-10
청담동,60.26,22,2000,24,전세,30198,0,2024-02-06
대치동,65.28,33,2018,6,전세,125315,0,2024-01-14
압구정동,115.0,45,1997,27,전세,131540,0,2024-03-27
역삼동,50.02,41,1984,40,전세,83270,0,2024-03-20
압구정동,82.61,39,2005,19,월세,1629,115,2024-01-26
삼성동,107.74,3,2000,24,전세,42454,0,2024-01-11
대치동,131.95,33,2000,24,전세,103365,0,2024-01-12
대치동,133.83,34,2003,21,전세,38497,0,2024-03-17
청담동,117.23,32,1984,40,월세,2812,279,2024-02-15
삼성동,119.42,37,1988,36,전세,140460,0,2024-01-28
역삼동,80.4,42,2012,12,전세,79246,0,2024-03-06
대치동,104.19,2,1988,36,전세,44250,0,2024-03-17
역삼동,96.13,12,2004,20,월세,2445,73,2024-03-05
대치동,88.74,31,2000,24,전세,80721,0,2024-02-17
대치동,75.24,14,1983,41,월세,2590,79,2024-01-02
압구정동,147.44,26,2012,12,월세,3702,163,2024-01-15
삼성동,65.2,17,2020,4,전세,126393,0,2024-02-22
역삼동,64.75,20,2001,23,월세,1611,177,2024-02-18
청담동,70.81,33,1990,34,전세,133721,0,2024-02-01
역삼동,51.96,40,2024,0,전세,76918,0,2024-01-15
대치동,64.96,39,1999,25,월세,1121,113,2024-02-18
대치동,111.41,11,1988,36,전세,101257,0,2024-01-12
청담동,101.91,27,2017,7,전세,94993,0,2024-02-14
대치동,69.05,11,1985,39,월세,2655,278,2024-02-15
삼성동,121.92,42,2020,4,전세,44175,0,2024-03-28
역삼동,131.63,10,2008,16,월세,4935,105,2024-01-26
삼성동,127.71,21,1981,43,전세,138403,0,2024-02-22
삼성동,89.9,38,1989,35,전세,56781,0,2024-01-08
역삼동,148.27,21,2000,24,월세,1375,209,2024-01-03
청담동,99.21,32,2019,5,월세,2567,252,2024-03-14
청담동,113.32,23,1984,40,전세,109544,0,2024-03-20
역삼동,52.12,7,2016,8,전세,98415,0,2024-02-16
청담동,112.66,22,2004,20,월세,1361,294,2024-03-07
삼성동,55.55,40,2006,18,전세,144246,0,2024-01-12
압구정동,114.63,33,1997,27,전세,119084,0,2024-03-14
대치동,120.82,42,1992,32,전세,42079,0,2024-01-12
청담동,79.73,21,2008,16,전세,149662,0,2024-01-12
삼성동,106.66,3,2018,6,월세,2299,73,2024-03-01
삼성동,116.7,10,1989,35,월세,1586,115,2024-03-24
압구정동,55.63,45,1993,31,전세,123556,0,2024-02-02
대치동,98.31,21,2014,10,전세,75392,0,2024-02-21
역삼동,120.33,12,2018,6,월세,1670,256,2024-02-09
압구정동,137.97,12,2007,17,월세,4157,296,2024-02-05
청담동,73.16,38,2017,7,월세,2977,59,2024-03-25
압구정동,85.33,45,2016,8,전세,129627,0,2024-02-03
청담동,109.15,6,2007,17,전세,66056,0,2024-03-15
대치동,112.16,45,1999,25,전세,113220,0,2024-03-01
삼성동,138.19,14,2003,21,월세,4202,290,2024-01-04
압구정동,120.84,45,1999,25,전세,56672,0,2024-03-17
청담동,96.74,44,2002,22,전세,38713,0,2024-01-12
청담동,134.71,16,1990,34,월세,3001,219,2024-02-25
대치동,54.08,3,1986,38,전세,67138,0,2024-03-09
역삼동,110.59,5,2003,21,전세,98566,0,2024-03-25
대치동,141.83,37,2013,11,전세,57486,0,2024-03-06
압구정동,148.15,33,2010,14,전세,39744,0,2024-02-16
역삼동,59.67,32,1990,34,월세,2519,60,2024-02-17
청담동,142.48,9,2012,12,월세,2399,227,2024-03-22
압구정동,119.55,11,1987,37,전세,81078,0,2024-03-06
청담동,130.59,32,2019,5,월세,3990,241,2024-02-22
역삼동,69.29,35,1987,37,월세,2991,263,2024-03-06
역삼동,94.46,30,1985,39,전세,64309,0,2024-02-10
청담동,93.9,1,1985,39,전세,75451,0,2024-03-15
역삼동,61.66,18,2006,18,월세,3215,110,2024-01-11
대치동,54.49,39,2007,17,전세,76160,0,2024-02-22
역삼동,118.73,2,2023,1,월세,3965,73,2024-03-24
삼성동,94.8,31,2013,11,전세,140297,0,2024-01-17
압구정동,106.43,17,2010,14,전세,149960,0,2024-01-10
압구정동,146.91,3,2001,23,전세,134996,0,2024-01-20
청담동,112.22,14,2002,22,전세,103763,0,2024-03-22
청담동,149.39,2,2013,11,전세,46349,0,2024-02-08
대치동,54.54,42,2009,15,전세,99554,0,2024-01-08
대치동,111.24,37,1982,42,월세,3686,187,2024-01-09
압구정동,51.66,33,2016,8,전세,130062,0,2024-03-06
삼성동,113.05,40,2022,2,전세,35819,0,2024-02-16
역삼동,85.39,22,2012,12,월세,3154,89,2024-03-27
대치동,104.76,45,1989,35,월세,3611,159,2024-01-14
삼성동,143.99,28,2007,17,전세,98374,0,2024-02-25
청담동,136.4,23,1988,36,전세,123113,0,2024-03-25
압구정동,69.86,26,1981,43,전세,116645,0,2024-01-19
압구정동,114.04,42,1985,39,월세,2228,112,2024-02-17
삼성동,86.45,22,1983,41,월세,4188,233,2024-01-15
청담동,148.58,25,2015,9,전세,46352,0,2024-01-10
대치동,51.08,35,2001,23,전세,118710,0,2024-02-25
압구정동,129.11,5,2015,9,전세,104354,0,2024-01-19
대치동,149.47,11,2006,18,전세,44221,0,2024-01-13
삼성동,56.79,28,1982,42,월세,2794,107,2024-02-23
대치동,109.85,23,2010,14,전세,80845,0,2024-03-20
삼성동,55.35,41,1983,41,전세,33433,0,2024-03-21
대치동,101.23,22,2011,13,전세,37611,0,2024-02-24
대치동,60.67,3,1997,27,전세,85403,0,2024-01-03
역삼동,62.9,44,1998,26,전세,78173,0,2024-03-17
역삼동,116.75,31,1992,32,전세,145234,0,2024-01-18
청담동,125.75,4,1990,34,전세,77587,0,2024-01-13
역삼동,58.58,23,1982,42,전세,41343,0,2024-01-04
청담동,50.56,21,1995,29,전세,72380,0,2024-03-10
역삼동,136.14,17,2020,4,월세,1359,258,2024-03-23
청담동,123.37,32,2012,12,전세,119553,0,2024-03-15
대치동,113.74,13,2014,10,월세,3093,224,2024-03-28
역삼동,123.26,28,2012,12,전세,146129,0,2024-01-20
청담동,131.6,2,2020,4,월세,2156,97,2024-01-27
역삼동,111.82,37,2006,18,전세,75616,0,2024-01-13
역삼동,112.68,12,1984,40,전세,140599,0,2024-01-16
압구정동,137.47,3,2010,14,전세,62559,0,2024-02-18
삼성동,58.93,12,1992,32,전세,76320,0,2024-03-16
대치동,114.48,39,2014,10,전세,55807,0,2024-02-16
대치동,135.49,20,2004,20,전세,35882,0,2024-03-25
삼성동,90.87,16,2003,21,월세,3830,182,2024-03-20
대치동,59.27,25,2000,24,전세,69307,0,2024-01-19
대치동,60.14,26,1995,29,전세,120771,0,2024-03-10
삼성동,50.94,13,1983,41,전세,60005,0,2024-01-23
삼성동,142.05,2,2007,17,전세,39355,0,2024-02-17
역삼동,113.18,32,1988,36,전세,50716,0,2024-01-27
역삼동,117.82,27,2020,4,전세,110515,0,2024-01-10
청담동,136.24,43,2003,21,월세,1123,133,2024-03-24
역삼동,92.22,4,2005,19,전세,31539,0,2024-02-28
삼성동,145.26,25,1985,39,전세,72412,0,2024-03-15
삼성동,84.29,40,1980,44,월세,2373,217,2024-01-13
청담동,147.3,17,2018,6,월세,2121,100,2024-03-26
청담동,91.45,38,2019,5,월세,2897,130,2024-01-11
삼성동,75.44,39,2015,9,전세,51779,0,2024-03-07
삼성동,87.3,37,2008,16,월세,2993,245,2024-03-03
청담동,52.37,22,2003,21,전세,46446,0,2024-01-20
역삼동,99.9,5,2001,23,월세,4746,263,2024-03-24
대치동,93.42,43,1997,27,전세,54390,0,2024-01-17
역삼동,85.06,28,2020,4,전세,122943,0,2024-01-17
역삼동,125.3,9,2000,24,월세,2928,251,2024-03-02
삼성동,73.82,19,1988,36,월세,4690,239,2024-02-09
대치동,72.2,13,2014,10,월세,2254,88,2024-03-22
역삼동,60.86,45,2012,12,전세,43153,0,2024-03-28
청담동,108.16,30,1990,34,전세,90415,0,2024-03-17
청담동,50.78,30,1995,29,월세,2669,161,2024-02-23
청담동,105.64,5,1981,43,전세,136940,0,2024-01-02
대치동,146.7,23,1993,31,전세,51913,0,2024-03-20
삼성동,77.9,33,1987,37,전세,90159,0,2024-02-17
압구정동,95.27,8,2010,14,전세,146634,0,2024-03-05
역삼동,106.62,25,2023,1,전세,95904,0,2024-02-04
청담동,134.82,45,1983,41,월세,2749,114,2024-01-26
삼성동,104.96,25,2024,0,월세,3648,231,2024-02-13
대치동,53.42,15,1981,43,월세,4159,61,2024-01-07
압구정동,99.96,41,1994,30,전세,81209,0,2024-03-10
청담동,142.37,25,2023,1,전세,128476,0,2024-01-19
역삼동,56.18,40,2017,7,전세,70143,0,2024-01-05
청담동,105.34,25,2009,15,월세,1672,214,2024-03-20
삼성동,102.33,28,2022,2,월세,3403,116,2024-02-12
청담동,145.73,26,1983,41,전세,138883,0,2024-03-08
역삼동,63.68,21,2014,10,전세,91576,0,2024-02-18
청담동,91.14,37,2018,6,전세,86969,0,2024-03-23
대치동,135.58,10,1983,41,월세,1468,183,2024-01-04
청담동,99.24,35,1995,29,월세,4839,99,2024-02-19
삼성동,104.37,5,2017,7,전세,146946,0,2024-01-15
삼성동,105.88,2,2022,2,전세,63241,0,2024-03-07
청담동,91.52,5,2010,14,전세,57051,0,2024-02-07
삼성동,63.89,11,2011,13,전세,144799,0,2024-03-23
압구정동,127.89,16,2001,23,월세,4602,114,2024-01-03
대치동,84.05,21,2006,18,전세,60614,0,2024-03-21
삼성동,116.41,16,1981,43,월세,2700,289,2024-03-16
삼성동,137.49,38,1998,26,월세,1960,86,2024-02-27
대치동,121.18,12,2014,10,전세,110200,0,2024-02-13
삼성동,94.75,11,2010,14,전세,63239,0,2024-03-23
대치동,120.22,14,2015,9,월세,3780,178,2024-02-17
삼성동,105.35,38,1988,36,전세,102147,0,2024-02-13
청담동,85.97,4,2002,22,전세,102990,0,2024-02-27
역삼동,78.7,9,2005,19,전세,104117,0,2024-03-03
역삼동,69.91,36,1984,40,전세,36218,0,2024-02-20
역삼동,149.49,27,1981,43,전세,88562,0,2024-03-21
청담동,129.8,21,2015,9,월세,4012,110,2024-01-25
역삼동,88.33,9,1983,41,전세,108448,0,2024-01-27
청담동,135.99,27,2019,5,전세,110953,0,2024-03-15
대치동,83.4,1,1987,37,월세,4536,276,2024-03-05
압구정동,68.46,40,2012,12,전세,77828,0,2024-03-11
삼성동,75.17,38,1981,43,전세,71650,0,2024-03-16
대치동,67.77,3,1990,34,월세,4930,216,2024-01-28
청담동,60.78,26,2015,9,전세,53287,0,2024-01-20
청담동,143.7,5,1995,29,전세,98590,0,2024-01-13
대치동,68.88,29,1989,35,월세,3180,231,2024-01-08
삼성동,126.81,8,1991,33,전세,36556,0,2024-02-14
역삼동,94.61,19,1994,30,월세,4974,94,2024-03-23
대치동,58.64,18,2005,19,전세,75252,0,2024-02-17
압구정동,128.8,31,1995,29,월세,3273,194,2024-01-14
청담동,67.6,9,2010,14,전세,112298,0,2024-03-10
청담동,120.41,39,2007,17,전세,36986,0,2024-01-04
압구정동,133.32,17,2017,7,전세,144213,0,2024-02-17
청담동,143.81,13,1984,40,전세,136064,0,2024-02-12
삼성동,72.01,11,1985,39,전세,47336,0,2024-03-04
대치동,129.43,42,2015,9,월세,1961,157,2024-01-17
역삼동,142.05,4,2008,16,전세,36223,0,2024-02-01
역삼동,108.01,15,1982,42,전세,104939,0,2024-01-05
삼성동,71.26,39,1985,39,전세,123226,0,2024-03-16
대치동,136.22,36,1995,29,전세,95206,0,2024-03-27
삼성동,114.76,36,2006,18,전세,145255,0,2024-03-24
압구정동,107.16,26,2014,10,월세,4415,112,2024-02-19
대치동,79.02,8,2018,6,전세,39584,0,2024-03-23
대치동,140.3,36,2011,13,전세,143218,0,2024-03-11
역삼동,126.4,40,1994,30,전세,128636,0,2024-03-24
압구정동,53.51,29,1993,31,월세,3700,61,2024-01-10
삼성동,114.75,29,1998,26,전세,41620,0,2024-03-06
청담동,54.09,38,2018,6,월세,1859,170,2024-03-03
삼성동,141.12,40,1998,26,전세,96830,0,2024-02-03
대치동,110.52,25,2008,16,월세,4325,71,2024-03-28
대치동,70.67,15,1989,35,전세,35591,0,2024-01-18
역삼동,113.86,13,2011,13,전세,106026,0,2024-02-09
압구정동,109.31,43,2012,12,전세,119981,0,2024-02-10
역삼동,55.42,4,2021,3,전세,81938,0,2024-02-19
삼성동,89.12,28,1992,32,전세,75410,0,2024-01-18
대치동,129.72,2,2003,21,월세,1797,61,2024-02-16
압구정동,77.2,19,2024,0,전세,72394,0,2024-01-18
삼성동,55.18,20,1982,42,전세,89493,0,2024-03-02
역삼동,142.19,14,1999,25,전세,103143,0,2024-03-22
역삼동,111.75,14,2007,17,전세,101271,0,2024-03-07
역삼동,90.47,34,2001,23,월세,1600,114,2024-01-09
청담동,81.21,11,1991,33,월세,1869,283,2024-03-14
역삼동,77.42,4,1983,41,전세,112521,0,2024-02-26
압구정동,142.9,36,2000,24,전세,132070,0,2024-01-13
청담동,61.18,13,2001,23,전세,81232,0,2024-02-14
역삼동,60.52,21,1994,30,전세,113183,0,2024-03-10
압구정동,80.8,23,2007,17,전세,58199,0,2024-02-02
역삼동,62.7,7,1997,27,전세,145344,0,2024-01-23
압구정동,72.66,4,2014,10,월세,2687,59,2024-03-21
삼성동,137.64,10,2023,1,전세,68542,0,2024-02-05
청담동,125.31,21,2005,19,전세,37111,0,2024-03-20
압구정동,81.73,16,2023,1,전세,95170,0,2024-03-24
역삼동,105.84,21,2021,3,전세,85073,0,2024-02-05
역삼동,141.88,21,2021,3,전세,33540,0,2024-03-10
압구정동,98.02,23,2021,3,월세,4924,153,2024-02-08
대치동,78.25,22,1989,35,월세,1127,53,2024-01-18
청담동,136.53,7,1994,30,월세,2056,133,2024-01-17
압구정동,89.87,9,1992,32,월세,4347,299,2024-03-15
삼성동,70.86,41,1986,38,전세,113264,0,2024-03-24
삼성동,104.16,13,1990,34,전세,127301,0,2024-03-26
삼성동,129.41,43,1981,43,전세,57064,0,2024-01-03
청담동,86.21,44,1985,39,전세,106259,0,2024-01-02
대치동,136.59,45,2017,7,전세,92118,0,2024-03-25
삼성동,108.64,26,2024,0,월세,2784,204,2024-03-05
압구정동,94.72,27,1980,44,월세,2174,229,2024-02-27
역삼동,61.59,36,2009,15,월세,3494,160,2024-03-16
대치동,83.99,31,2005,19,전세,30241,0,2024-03-09
압구정동,115.18,44,1997,27,전세,85535,0,2024-02-11
대치동,123.77,29,1986,38,전세,53315,0,2024-03-28
역삼동,53.68,2,2013,11,전세,79056,0,2024-03-11
압구정동,88.67,32,2002,22,전세,33068,0,2024-03-15
대치동,97.96,10,2007,17,전세,48116,0,2024-02-24
청담동,125.26,1,2012,12,월세,3720,260,2024-02-15
삼성동,122.92,43,2001,23,전세,132964,0,2024-02-20
삼성동,106.31,26,1982,42,전세,142538,0,2024-02-01
역삼동,93.02,38,2011,13,전세,73245,0,2024-02-26
대치동,58.67,22,2007,17,월세,3563,79,2024-02-05
삼성동,82.58,43,1996,28,월세,1914,252,2024-01-12
역삼동,69.24,24,2016,8,전세,116438,0,2024-02-07
대치동,143.04,34,2002,22,월세,4723,113,2024-02-18
대치동,86.34,5,1985,39,전세,133995,0,2024-02-03
청담동,78.68,19,2017,7,전세,108781,0,2024-03-10
압구정동,84.22,29,2005,19,전세,76564,0,2024-01-05
삼성동,149.22,22,2011,13,전세,53835,0,2024-03-13
압구정동,106.69,23,2001,23,전세,34758,0,2024-02-16
삼성동,145.84,30,1993,31,전세,95796,0,2024-02-12
대치동,120.61,36,1991,33,전세,119699,0,2024-02-24
대치동,66.01,5,2021,3,월세,3287,201,2024-02-25
역삼동,79.76,5,1980,44,월세,3574,75,2024-02-25
압구정동,103.77,26,2007,17,월세,4673,117,2024-01-17
압구정동,95.35,17,2012,12,전세,148611,0,2024-03-11
역삼동,81.75,33,2016,8,전세,67514,0,2024-02-27
대치동,75.39,4,2005,19,전세,40662,0,2024-01-16
압구정동,85.89,40,2000,24,전세,100401,0,2024-03-05
역삼동,137.09,45,2014,10,전세,42741,0,2024-02-16
삼성동,120.87,7,1981,43,전세,110730,0,2024-03-10
압구정동,56.13,28,2015,9,전세,75435,0,2024-02-22
삼성동,107.38,12,1995,29,전세,53436,0,2024-02-23
압구정동,64.05,16,2017,7,전세,115104,0,2024-03-05
압구정동,114.31,42,2007,17,월세,4381,290,2024-03-25
삼성동,128.03,32,2024,0,전세,57951,0,2024-02-04
대치동,87.79,26,2011,13,전세,71340,0,2024-03-28
역삼동,67.01,28,1987,37,전세,130066,0,2024-02-20
대치동,81.11,32,1991,33,월세,2234,109,2024-01-03
역삼동,64.68,29,1990,34,전세,144479,0,2024-03-24
청담동,117.31,6,1983,41,월세,4950,115,2024-03-17
압구정동,143.13,33,2024,0,전세,51478,0,2024-01-04
압구정동,66.45,1,1986,38,월세,1986,255,2024-03-07
역삼동,92.06,4,2019,5,전세,37890,0,2024-03-26
대치동,86.8,20,1983,41,전세,42878,0,2024-03-16
삼성동,130.11,7,2005,19,월세,1490,250,2024-01-24
청담동,97.52,2,1993,31,월세,3513,219,2024-01-23
청담동,73.58,30,1997,27,전세,103785,0,2024-03-03
압구정동,65.21,7,1989,35,전세,73746,0,2024-03-24
청담동,123.27,34,2001,23,전세,66782,0,2024-03-08
압구정동,90.31,14,1996,28,월세,3007,287,2024-03-06
압구정동,107.44,33,1995,29,월세,2902,223,2024-03-27
청담동,104.19,29,2006,18,전세,32594,0,2024-02-19
대치동,139.58,44,2000,24,전세,118482,0,2024-02-13
삼성동,66.15,31,2020,4,전세,128556,0,2024-03-15
